priority_rank,tender_id,family,province,work_unit,tender_name,winner_name,contract_value,n_flags,anomaly_score,anomaly_rank_pct,is_anomaly,reason,n_bids,bid_rate,winner_to_hps,bid_cv,winner_gap_to_lowest,disqualified_share,vendor_unit_wins,risk_score,hps
1,10010156000,Seleksi (consultant),Kalimantan Tengah,Dinas Pekerjaan Umum dan Penataan Ruang,Pengawasan Teknis Jalan dan Jembatan untuk Kegiatan Wilayah Tengah dan Kota Palangka Raya CS,PT.TEMA KARYA MANDIRI,565000000.0,3,0.7258371850493225,1.0,True,Many bidders disqualified (20% vs typical 0%); Same firm keeps winning in this work unit (11 wins vs typical 2); Few bids (1 vs typical 2),1,0.1,0.9940329411764706,,0.0,0.2,11,3,1530000000.0
2,10014302000,Seleksi (consultant),Jawa Barat,Dinas Bina Marga dan Penataan Ruang,PEMBUATAN LEGER JALAN DI UPTD PENGELOLAAN JALAN DAN JEMBATAN WILAYAH PELAYANAN II,PT. KRIYASA ABDI NUSANTARA,954328383.0,3,0.6942633978978512,0.9995414947271892,True,Same firm keeps winning in this work unit (9 wins vs typical 2); Many bidders disqualified (4% vs typical 0%); Bids unusually close together (0.35% spread vs typical 4.13%),5,0.0892857142857142,0.999124692253084,0.003543345482407,0.0089314401608453,0.0357142857142857,9,3,956325078.75
3,10019931000,Seleksi (consultant),Banten,Dinas Pekerjaan Umum dan Penataan Ruang,Pengawasan Rehabilitasi Ruas Jalan Mejau - Mekarwangi.Kab. Pandeglang (IJKD),PT. BIGHI KONSULTAN PRAKASA,196545000.0,3,0.6912653144448094,0.9990829894543788,True,Same firm keeps winning in this work unit (8 wins vs typical 2); Many bidders disqualified (11% vs typical 0%); Few registered firms actually bid (3% vs typical 9%),1,0.0285714285714285,0.997187880016214,,0.0,0.1142857142857142,8,3,197360000.0
4,10003489000,Seleksi (consultant),Jawa Barat,Dinas Bina Marga dan Penataan Ruang,PW - 03 / 2025 FT - 01 Pengawasan Teknis Jalan dan Jembatan di UPTD Pengelolaan Jalan dan Jembatan Wilayah Pelayanan - III,PT. KRIYASA ABDI NUSANTARA,758011507.5,2,0.689460734073488,0.9983952315451629,True,Same firm keeps winning in this work unit (9 wins vs typical 2); Many bidders disqualified (11% vs typical 0%); Few registered firms actually bid (2% vs typical 9%),1,0.0222222222222222,0.8498632332921182,,0.0,0.1111111111111111,9,2,893106055.5
5,10003490000,Seleksi (consultant),Jawa Barat,Dinas Bina Marga dan Penataan Ruang,PW - 03 / 2025 FT - 02 Pengawasan Teknis Jalan dan Jembatan di UPTD Pengelolaan Jalan dan Jembatan Wilayah Pelayanan - III,PT. KRIYASA ABDI NUSANTARA,514682857.5,2,0.689460734073488,0.9983952315451629,True,Same firm keeps winning in this work unit (9 wins vs typical 2); Many bidders disqualified (11% vs typical 0%); Few registered firms actually bid (2% vs typical 9%),1,0.0222222222222222,0.8526470602557776,,0.0,0.1111111111111111,9,2,604048291.5
6,10003491000,Seleksi (consultant),Jawa Barat,Dinas Bina Marga dan Penataan Ruang,PW - 03 / 2025 FT - 03 Pengawasan Teknis Jalan dan Jembatan di UPTD Pengelolaan Jalan dan Jembatan Wilayah Pelayanan - III,PT. KRIYASA ABDI NUSANTARA,634374157.5,2,0.6881191223232468,0.9977074736359468,True,Same firm keeps winning in this work unit (9 wins vs typical 2); Many bidders disqualified (11% vs typical 0%); Few registered firms actually bid (2% vs typical 9%),1,0.0217391304347826,0.8484656258357042,,0.0,0.108695652173913,9,2,748577173.5
7,10023070000,Seleksi (consultant),Jawa Barat,Dinas Bina Marga dan Penataan Ruang,PW - 03A / 2025 FT - 02 Pengawasan Teknis Jalan dan Jembatan di UPTD Pengelolaan Jalan dan Jembatan Wilayah Pelayanan - III,LAKSANA DISAIN DAYA CIPTA PT.,1471353840.0,2,0.6813731542380629,0.997248968363136,True,Same firm keeps winning in this work unit (6 wins vs typical 2); Many bidders disqualified (8% vs typical 0%); Bids unusually close together (0.71% spread vs typical 4.13%),3,0.0612244897959183,0.8507335148409414,0.0071308947499087,0.0143309081341058,0.0816326530612244,6,2,1730263560.0
8,10007619000,Seleksi (consultant),DKI Jakarta,KOTA ADMINISTRASI JAKARTA BARAT,",Jasa Konsultansi Perencanaan Rehab Total Kantor Lurah Kelurahan Joglo",PT. TIRAMATSI UTAMA,304668000.0,2,0.6747317939435918,0.9967904630903256,True,Many bidders disqualified (5% vs typical 0%); Bids unusually close together (0.14% spread vs typical 4.13%); Winning bid close to the owner's estimate (100.0% of estimate vs typical 97.0%),3,0.0526315789473684,0.9995595683770094,0.0013896252968957,0.0021711131554738,0.0526315789473684,2,2,305155200.0
9,10003495000,Seleksi (consultant),Jawa Barat,Dinas Bina Marga dan Penataan Ruang,PW - 04 / 2025 FT - 01 Pengawasan Teknis Jalan dan Jembatan di UPTD Pengelolaan Jalan dan Jembatan Wilayah Pelayanan - IV,PT. KRIYASA ABDI NUSANTARA,679312507.5,1,0.6732676604373448,0.9963319578175148,True,Same firm keeps winning in this work unit (9 wins vs typical 2); Many bidders disqualified (8% vs typical 0%); Few registered firms actually bid (6% vs typical 9%),3,0.0625,0.8496608392095534,0.0283060696652359,0.056056819268514,0.0833333333333333,9,1,800694781.5
10,10065400000,Tender (works and goods),Sumatera Selatan,Dinas Perumahan dan Kawasan Permukiman,Penyediaan PSU Permukiman Kec. Sematang Borang Kota Palembang,CV. DUA NOL DUA,591184933.83,3,0.6700666226228786,1.0,True,Many bidders disqualified (50% vs typical 4%); Bids unusually close together (3.76% spread vs typical 5.40%); Same firm keeps winning in this work unit (3 wins vs typical 1),3,0.75,0.9947768406112178,0.0376061249407664,0.0780989560730087,0.5,3,3,594289000.0
11,10024278000,Seleksi (consultant),Jawa Barat,Dinas Bina Marga dan Penataan Ruang,Penyusunan FS &amp; DED Jalan Lingkar Utara Kab. Purwakarta,PT. KRIYASA ABDI NUSANTARA,733155000.0,2,0.6626271719821751,0.9958734525447044,True,Same firm keeps winning in this work unit (9 wins vs typical 2); Many bidders disqualified (6% vs typical 0%); Few registered firms actually bid (2% vs typical 9%),1,0.02,0.8557387152159729,,0.0,0.06,9,2,856751000.0
12,10023754000,Seleksi (consultant),Bali,"Dinas Pekerjaan Umum, Penataan Ruang, Perumahan dan Kawasan Permukiman",Pengawasan Teknik Jalan pada Ruas Jalan Provinsi Tampaksiring - Tegallalang,PT. BIKARMA,486495000.0,1,0.661752155955454,0.9954149472718936,True,Many bidders disqualified (11% vs typical 0%); Same firm keeps winning in this work unit (7 wins vs typical 2); Bids unusually close together (1.26% spread vs typical 4.13%),5,0.2631578947368421,0.8268203232285014,0.0126349270873996,0.0056576146788991,0.1052631578947368,7,1,588638239.2
13,10031901000,Seleksi (consultant),Banten,Dinas Perumahan Rakyat dan Kawasan Permukiman,KAJIAN BATASAN PSU PERMUKIMAN KEWENANGAN PROVINSI BANTEN DI WKP III,CV.RATU CIPTA MANAGEMENT,572443000.0,2,0.6590322319310673,0.994956441999083,True,Many bidders disqualified (18% vs typical 0%); Few bids (1 vs typical 2); Same firm keeps winning in this work unit (3 wins vs typical 2),1,0.0909090909090909,0.9718383333333334,,0.0,0.1818181818181818,3,2,600000000.0
14,10005178000,Seleksi (consultant),Jawa Barat,Dinas Bina Marga dan Penataan Ruang,Survey Kondisi Jalan di UPTD Pengelolaan Jalan dan Jembatan Wilayah Pelayanan - V dan VI,LAKSANA DISAIN DAYA CIPTA PT.,1705949898.0,3,0.6574175034765658,0.9944979367262724,True,Same firm keeps winning in this work unit (6 wins vs typical 2); Many bidders disqualified (6% vs typical 0%); Bids unusually close together (0.57% spread vs typical 4.13%),5,0.1388888888888889,0.991746840872146,0.0056576843553221,0.0058266239717656,0.0555555555555555,6,3,1757989295.4
15,10050276000,Seleksi (consultant),Jawa Tengah,DINAS PERINDUSTRIAN DAN PERDAGANGAN,Belanja Jasa Konsultansi Non - Konstruksi Kegiatan Registrasi dan Sertifikasi Mesin Pelinting Rokok (DBHCHT),PT. SUPERINTENDING COMPANY OF INDONESIA,499017150.0,1,0.6565402564893786,0.9940394314534616,True,Many bidders disqualified (33% vs typical 0%); Few bids (1 vs typical 2),1,0.3333333333333333,0.953915038271956,,0.0,0.3333333333333333,1,1,524164480.0
16,10040306000,Seleksi (consultant),Kalimantan Timur,"Dinas Pekerjaan Umum, Penataan Ruang dan Perumahan Rakyat",Bimbingan Teknik Penyusunan Peta Dasar,Archiplano Indonesia,327709300.0,1,0.6511857734926124,0.9935809261806512,True,Many bidders disqualified (25% vs typical 0%); Few bids (1 vs typical 2),1,0.125,0.9500004348368056,,0.0,0.25,2,1,344957000.0
17,10010244000,Seleksi (consultant),Kalimantan Tengah,Dinas Pekerjaan Umum dan Penataan Ruang,Pengawasan Teknis Jalan dan Jembatan untuk Kegiatan Peningkatan Jalan Gadabung Kiri - Desa Terusan Kapuas,PT.TEMA KARYA MANDIRI,535000000.0,2,0.6507424767068432,0.9931224209078404,True,Same firm keeps winning in this work unit (11 wins vs typical 2); Few bids (1 vs typical 2); Winning bid close to the owner's estimate (98.0% of estimate vs typical 97.0%),1,0.0833333333333333,0.980026922264151,,0.0,0.0,11,2,1060000000.0
18,10023069000,Seleksi (consultant),Jawa Barat,Dinas Bina Marga dan Penataan Ruang,PW - 03A / 2025 FT - 01 Pengawasan Teknis Jalan dan Jembatan di UPTD Pengelolaan Jalan dan Jembatan Wilayah Pelayanan - III,PT. Puri Dimensi,1235456640.0,1,0.6503134257810992,0.9926639156350298,True,Many bidders disqualified (8% vs typical 0%); Same firm keeps winning in this work unit (4 wins vs typical 2); Bids unusually close together (1.10% spread vs typical 4.13%),3,0.0612244897959183,0.8455532001789222,0.0110489840409295,0.0121675742331155,0.0816326530612244,4,1,1461122304.0
19,10043661000,Seleksi (consultant),Jawa Barat,Dinas Bina Marga dan Penataan Ruang,Penyusunan DED Trotoar di Jawa Barat Zona 4,PT. SECON DWITUNGGAL PUTRA,832622144.4,1,0.6477659347439726,0.9922054103622192,True,Many bidders disqualified (13% vs typical 0%); Same firm keeps winning in this work unit (8 wins vs typical 2); Few registered firms actually bid (6% vs typical 9%),2,0.064516129032258,0.8230579721835058,,0.0,0.1290322580645161,8,1,1011630000.0
20,10062625000,Seleksi (consultant),Lampung,"Dinas Perumahan, Kawasan Permukiman dan Cipta Karya",SIMTARU,NEWUS TEKNOLOGI,188922000.0,1,0.647670914452556,0.9917469050894084,True,Many bidders disqualified (22% vs typical 0%); Few bids (1 vs typical 2),1,0.1111111111111111,0.950486366961458,,0.0,0.2222222222222222,1,1,199991586.0
21,10024182000,Seleksi (consultant),Jawa Barat,Dinas Bina Marga dan Penataan Ruang,Penyusunan FS &amp; DED Jalan Lingkar Purwakarta - Karawang - Cianjur,PT. GARIS PUTIH SEJAJAR,1920084660.0,2,0.647387812984977,0.991288399816598,True,Same firm keeps winning in this work unit (6 wins vs typical 2); Bids unusually close together (1.04% spread vs typical 4.13%); Few registered firms actually bid (6% vs typical 9%),3,0.0555555555555555,0.8405862410242372,0.0103933964044355,0.0,0.0185185185185185,6,2,2284220900.0
22,10010312000,Seleksi (consultant),Kalimantan Tengah,Dinas Pekerjaan Umum dan Penataan Ruang,Jasa Konsultan Pengawas Kegiatan Kontraktual Dana DBH-DR,PT.TEMA KARYA MANDIRI,1000000000.0,2,0.6469604125293403,0.9908298945437872,True,Same firm keeps winning in this work unit (11 wins vs typical 2); Few bids (1 vs typical 2); Winning bid close to the owner's estimate (98.1% of estimate vs typical 97.0%),1,0.0769230769230769,0.9810867712,,0.0,0.0,11,2,1750000000.0
23,10033078000,Seleksi (consultant),Jawa Barat,Dinas Bina Marga dan Penataan Ruang,Survey Kondisi Jembatan,PT. DUTA BHUANA JAYA,419983240.8,3,0.6468667047509555,0.9903713892709766,True,Same firm keeps winning in this work unit (5 wins vs typical 2); Bids unusually close together (0.27% spread vs typical 4.13%); Many bidders disqualified (3% vs typical 0%),3,0.1034482758620689,0.9988756195684494,0.0026523544541917,0.0045082283479171,0.0344827586206896,5,3,421224886.8
24,10010207000,Seleksi (consultant),Kalimantan Tengah,Dinas Pekerjaan Umum dan Penataan Ruang,Pengawasan Teknis Jalan dan Jembatan untuk Kegiatan Peningkatan Jalan Cempaka Mulia - Kampung Melayu,PT.TEMA KARYA MANDIRI,740000000.0,2,0.6467894822179628,0.989912883998166,True,Same firm keeps winning in this work unit (11 wins vs typical 2); Few bids (1 vs typical 2); Winning bid close to the owner's estimate (98.4% of estimate vs typical 97.0%),1,0.0833333333333333,0.9841693391907514,,0.0,0.0,11,2,1730000000.0
25,10011322000,Seleksi (consultant),Kalimantan Tengah,Dinas Pekerjaan Umum dan Penataan Ruang,"Konsultan MK Pembangunan RTH, JPO dan Tempat Parkir Kawasan Bundaran Besar Palangka Raya (Lanjutan)",PT.TEMA KARYA MANDIRI,2394063504.0,3,0.6454027001766832,0.9894543787253554,True,Same firm keeps winning in this work unit (11 wins vs typical 2); Winning bid close to the owner's estimate (99.9% of estimate vs typical 97.0%); Few bids (1 vs typical 2),1,0.0666666666666666,0.9986726173279804,,0.0,0.0,11,3,2409144000.0
26,10019925000,Seleksi (consultant),Banten,Dinas Pekerjaan Umum dan Penataan Ruang,Pengawasan Pembangunan Jembatan Curug Ciung Ruas Jalan Munjul - Cikeusik,PT.PARINDO RAYA ENGINEERING,389191500.0,2,0.6441281753700074,0.9889958734525448,True,Same firm keeps winning in this work unit (10 wins vs typical 2); Many bidders disqualified (8% vs typical 0%); Few registered firms actually bid (8% vs typical 9%),2,0.0833333333333333,0.975009796520326,,0.2188000111427135,0.0833333333333333,10,2,399376500.0
27,10010148000,Seleksi (consultant),Kalimantan Tengah,Dinas Pekerjaan Umum dan Penataan Ruang,Pengawasan Teknis Jalan dan Jembatan untuk Kegiatan Peningkatan Jalan Ujung Pandaran - Kuala Pembuang,PT.TEMA KARYA MANDIRI,1223818400.0,3,0.6435158017703801,0.988537368179734,True,Same firm keeps winning in this work unit (11 wins vs typical 2); Winning bid close to the owner's estimate (99.7% of estimate vs typical 97.0%); Few bids (1 vs typical 2),1,0.0833333333333333,0.997410081300813,,0.0,0.0,11,3,1230000000.0
28,10024807000,Seleksi (consultant),Jawa Barat,Dinas Perumahan dan Permukiman,Masterplan Perumahan di KPI Cipali Subang Timur,SELARAS CAKRA UTAMA,247007301.0,3,0.6431376123349839,0.9880788629069236,True,Many bidders disqualified (6% vs typical 0%); Bids unusually close together (0.47% spread vs typical 4.13%); Same firm keeps winning in this work unit (3 wins vs typical 2),3,0.0833333333333333,0.993526933770728,0.0047117512842799,0.0051882189511063,0.0555555555555555,3,3,249965000.0
29,10061108000,Seleksi (consultant),Kalimantan Timur,"Dinas Pekerjaan Umum, Penataan Ruang dan Perumahan Rakyat",Identifikasi Kebutuhan Penyediaan dan Perbaikan PSU Permukiman di Kota Balikpapan,PT. WIDYA AIKA BERKARYA,248373600.0,2,0.6420217766723084,0.9876203576341128,True,Many bidders disqualified (7% vs typical 0%); Same firm keeps winning in this work unit (5 wins vs typical 2); Bids unusually close together (0.81% spread vs typical 4.13%),4,0.1481481481481481,0.9761890822350484,0.0081020980060983,0.0184250459010395,0.074074074074074,5,2,254431856.0
30,10086510000,Tender (works and goods),DKI Jakarta,DINAS SUMBER DAYA AIR,Pembangunan Sistem Tata Air Pompa Kayu Putih (Polder Kayu Putih) dan Pompa Kampung Sawah (Polder Sunter Timur II Petukangan Cakung) Kelurahan Rawa Terate Beserta Kelengkapannya,PT. NINDYA KARYA (Persero),214432385700.02,2,0.640646932727736,0.99949083503055,True,Same firm keeps winning in this work unit (4 wins vs typical 1); Few registered firms actually bid (2% vs typical 13%); Few bids (1 vs typical 3),1,0.0169491525423728,0.9826324690488496,,0.0,0.0677966101694915,4,2,218224741655.0
31,10053497000,Tender (works and goods),Maluku,DINAS PEKERJAAN UMUM DAN PENATAAN RUANG,Penataan Kawasanan KKT,CV. RALMIDA JAYA,3727620000.0,2,0.638942510900179,0.9989816700610998,True,Winner priced above the cheapest bid (+15.0% vs typical +1.8%); Many bidders disqualified (30% vs typical 4%); Same firm keeps winning in this work unit (3 wins vs typical 1),9,0.3333333333333333,0.9809527706736842,0.0484651619230647,0.1497779560146741,0.2962962962962963,3,2,3800000000.0
32,10020402000,Seleksi (consultant),DKI Jakarta,SUKU DINAS SUMBER DAYA AIR KOTA ADMINISTRASI JAKARTA BARAT,Konsultan Pengawasan Revitalisasi Rumah Pompa RW. 01 Kembangan Utara dan Rumah Pompa RW. 09 Rawa Buaya,PT. SEWUN INDO KONSULTAN,783471300.0,2,0.638799023208789,0.9871618523613022,True,Many bidders disqualified (6% vs typical 0%); Bids unusually close together (0.08% spread vs typical 4.13%); Winning bid close to the owner's estimate (99.8% of estimate vs typical 97.0%),3,0.0857142857142857,0.9977343600840068,0.0007678945599192,0.0,0.0571428571428571,1,2,872071500.0
33,10097213000,Tender (works and goods),DKI Jakarta,DINAS SUMBER DAYA AIR,Revitalisasi dan Penataan DAS Polder Kamal Tahap I,PT ADHI KARYA (Persero) Tbk,,2,0.6383148104286172,0.9984725050916496,True,Same firm keeps winning in this work unit (3 wins vs typical 1); Few registered firms actually bid (2% vs typical 13%); Many bidders disqualified (10% vs typical 4%),1,0.02,0.9651111417936364,,0.0,0.1,3,2,437189860000.0
34,10010261000,Seleksi (consultant),Kalimantan Tengah,Dinas Pekerjaan Umum dan Penataan Ruang,Pengawasan Teknis Jalan dan Jembatan untuk Kegiatan Wilayah Pulang Pisau 2 CS,PT. CIPTA BINA KATULUHNI,889889056.0,3,0.6377544824232283,0.9867033470884916,True,Many bidders disqualified (15% vs typical 0%); Few bids (1 vs typical 2); Same firm keeps winning in this work unit (3 wins vs typical 2),1,0.0769230769230769,0.9951466841530054,,0.0,0.1538461538461538,3,3,1830000000.0
35,10034170000,Tender (works and goods),Sumatera Selatan,Dinas Pekerjaan Umum Bina Marga dan Tata Ruang,Pemeliharaan Berkala Jalan Kapt. Abdullah - Jln. Robani Kadir,PT. BUMI KITA CONSTRUCTION,2483291146.72,3,0.6356322219483876,0.9979633401221996,True,Same firm keeps winning in this work unit (4 wins vs typical 1); Many bidders disqualified (25% vs typical 4%); Winning bid close to the owner's estimate (99.3% of estimate vs typical 96.0%),2,0.5,0.9933224186145116,,0.0246368741041129,0.25,4,3,2499985000.0
36,10011345000,Seleksi (consultant),Kalimantan Tengah,Dinas Pekerjaan Umum dan Penataan Ruang,Survey Kondisi Jembatan,PT.TEMA KARYA MANDIRI,1916868800.0,3,0.6349783370281946,0.9862448418156808,True,Same firm keeps winning in this work unit (11 wins vs typical 2); Winning bid close to the owner's estimate (99.7% of estimate vs typical 97.0%); Few bids (1 vs typical 2),1,0.0588235294117647,0.9969475587703436,,0.0,0.0,11,3,1935500000.0
37,10010301000,Seleksi (consultant),Kalimantan Tengah,Dinas Pekerjaan Umum dan Penataan Ruang,Pengawasan Teknis Jalan dan Jembatan untuk Kegiatan Pembangunan Jembatan di Provinsi Kalimantan Tengah,PT.TEMA KARYA MANDIRI,832420000.0,3,0.6347490873291972,0.9857863365428704,True,Same firm keeps winning in this work unit (11 wins vs typical 2); Winning bid close to the owner's estimate (99.6% of estimate vs typical 97.0%); Few bids (1 vs typical 2),1,0.0909090909090909,0.9959855652173912,,0.0,0.0,11,3,1380000000.0
38,10075350000,Seleksi (consultant),Kalimantan Selatan,DINAS PEKERJAAN UMUM DAN PENATAAN RUANG,Perencanaan Pembangunan Mako TNI Angkatan Laut di Batulicin,PT. TECHNIKATAMA JASA KONSULTAN,499142136.0,3,0.6344246731050643,0.9853278312700596,True,Same firm keeps winning in this work unit (8 wins vs typical 2); Many bidders disqualified (7% vs typical 0%); Winning bid close to the owner's estimate (99.9% of estimate vs typical 97.0%),5,0.3333333333333333,0.999168628959478,0.5620696280846293,1010.0021943235369,0.0666666666666666,8,3,499557453.6
39,10038447000,Seleksi (consultant),Sulawesi Tengah,Dinas Cipta Karya dan Sumberdaya Air,Pengawasan Peningkatan SPAM Desa Kamarora A dan Desa Kamarora B Kecamatan Nokilalaki Kabupaten Sigi,CV. ART NOUVEAU Engineering Consultant,170610774.0,2,0.6334379819747158,0.984869325997249,True,Many bidders disqualified (8% vs typical 0%); Bids unusually close together (0.12% spread vs typical 4.13%); Winning bid close to the owner's estimate (99.5% of estimate vs typical 97.0%),3,0.125,0.9950602099355276,0.001172016152218,0.0022361409573814,0.0833333333333333,1,2,199988256.0
40,10043507000,Seleksi (consultant),DKI Jakarta,BADAN PELAYANAN PENGADAAN BARANG/JASA,"Penyusunan Analisis Jabatan, Analisis Beban Kerja, dan Instrumen Penilaian Kinerja Jabatan Fungsional Pengelola Pengadaan Barang/Jasa Provinsi DKI Jakarta",PT. SINERGI VISI UTAMA,312631500.0,2,0.6317466978626639,0.9844108207244384,True,Many bidders disqualified (11% vs typical 0%); Few registered firms actually bid (3% vs typical 9%); Winning bid close to the owner's estimate (100.0% of estimate vs typical 97.0%),1,0.0285714285714285,0.999828385103827,,0.0,0.1142857142857142,1,2,323398500.0
41,10052760000,Seleksi (consultant),Maluku Utara,Dinas Pekerjaan Umum dan Tata Ruang,Pengawasan Pembangunan Kantin BPKAD Prov. Maluku Utara (Lanjutan),FATEK ENGINEERING CONSULTANT,164800000.0,2,0.6315146110692392,0.9839523154516276,True,Many bidders disqualified (11% vs typical 0%); Same firm keeps winning in this work unit (7 wins vs typical 2); Bids unusually close together (2.58% spread vs typical 4.13%),3,0.1578947368421052,0.9199097952530868,0.0257708831892644,0.0460240423040558,0.1052631578947368,7,2,179148000.0
42,10098457000,Seleksi (consultant),DKI Jakarta,DINAS SUMBER DAYA AIR,Pengawasan Pembangunan Rumah Pompa Cipulir Dalam Rangka Penanganan Genangan Seskoal (Lanjutan),PT. Rekakota Manajemen Konsultan,,1,0.6310783728605887,0.9834938101788172,True,Few registered firms actually bid (2% vs typical 9%); Bids unusually close together (0.94% spread vs typical 4.13%),3,0.0157894736842105,0.9335623073535888,0.00936868092989,0.0,0.0,1,1,1575506250.0
43,10065272000,Tender (works and goods),Sumatera Selatan,Dinas Perumahan dan Kawasan Permukiman,Penyediaan PSU Permukiman Kec. Gandus Kota Palembang,CV AZZAM AAMIRAH,1263315410.09,3,0.6302357859182596,0.9974541751527496,True,Many bidders disqualified (25% vs typical 4%); Same firm keeps winning in this work unit (3 wins vs typical 1); Winner priced above the cheapest bid (+4.5% vs typical +1.8%),2,0.5,0.9992291405373768,,0.0448648273649887,0.25,3,3,1264290000.0
44,10070799000,Tender (works and goods),Sumatera Selatan,Dinas Pendidikan,Pembangunan Ruang Kelas Baru SMKN 1 Gunung Megang Kab. Muara Enim,CV. MALIKCO,,2,0.6296508755407946,0.9969450101832994,True,Many bidders disqualified (33% vs typical 4%); Winner priced above the cheapest bid (+5.9% vs typical +1.8%); Same firm keeps winning in this work unit (2 wins vs typical 1),2,0.6666666666666666,0.9969254196720624,,0.0593786462403682,0.3333333333333333,2,2,539973132.24
45,10027823000,Seleksi (consultant),Bali,"Dinas Pekerjaan Umum, Penataan Ruang, Perumahan dan Kawasan Permukiman",Pengawasan Teknik Pemeliharaan Berkala pada Ruas Jalan Provinsi SP. KARGO - SP. IMAM BONJOL (DENPASAR) dan JLN.UDAYANA HASSANUDIN (DPS) di Kota Denpasar,PT. Putra Dmitri Desain,225655008.0,2,0.6280487181339514,0.9830353049060064,True,Many bidders disqualified (10% vs typical 0%); Same firm keeps winning in this work unit (4 wins vs typical 2); Bids unusually close together (0.83% spread vs typical 4.13%),5,0.25,0.9251497005988024,0.0083023823917385,0.0194834834834833,0.1,4,2,244391808.0
46,10006240000,Tender (works and goods),Kalimantan Tengah,Dinas Pekerjaan Umum dan Penataan Ruang,Peningkatan  Pulang Pisau - Pangkoh,PT. MULTI KARYA PRIMAS MANDIRI,19295700000.0,2,0.6270832562018779,0.9964358452138492,True,Same firm keeps winning in this work unit (6 wins vs typical 1); Few registered firms actually bid (7% vs typical 13%); Few bids (1 vs typical 3),1,0.0666666666666666,0.9683964786436255,,0.0,0.0,6,2,19935500000.0
47,10021526000,Seleksi (consultant),Aceh,Dinas Pekerjaan Umum dan Penataan Ruang,Penyusunan DED Penanganan Longsoran Jalan Batas Gayo Lues - Babah Rot,CV. PELITA BUANA,484265361.0,1,0.6265712377390671,0.9825767996331958,True,Bids unusually close together (0.33% spread vs typical 4.13%); Many bidders disqualified (2% vs typical 0%); Few registered firms actually bid (6% vs typical 9%),3,0.0625,0.9845888950867084,0.0032654892983773,0.0,0.0208333333333333,2,1,499874736.0
48,59676127,Tender (works and goods),DKI Jakarta,DINAS SUMBER DAYA AIR,Pembangunan Tanggul Pengaman Pantai NCICD Fase A Lokasi 1 Paket 2,PT. NINDYA KARYA (Persero),252700540000.0,1,0.6260993646075701,0.9959266802443992,True,Bids unusually close together (2.71% spread vs typical 5.40%); Same firm keeps winning in this work unit (4 wins vs typical 1); Few registered firms actually bid (5% vs typical 13%),3,0.0517241379310344,0.9224999746862276,0.0270633896810256,0.0,0.0689655172413793,4,1,273930132178.0
49,10026489000,Seleksi (consultant),Banten,Dinas Pekerjaan Umum dan Penataan Ruang,Desain Pelestarian dan Pemanfaatan Situ Citaman,PT.PARINDO RAYA ENGINEERING,386765000.0,3,0.6260250286427446,0.9821182943603852,True,Same firm keeps winning in this work unit (10 wins vs typical 2); Few registered firms actually bid (4% vs typical 9%); Few bids (1 vs typical 2),1,0.0416666666666666,0.9718204208183828,,0.0,0.0,10,3,399935000.0
50,10064132000,Seleksi (consultant),DI Yogyakarta,DINAS PERTANAHAN DAN TATA RUANG,Belanja Jasa Konsultansi Perencanaan Penataan Ruang-Pengembangan Pemanfaatan Ruang-Penyusunan Dokumen Audit Tata Ruang,CV. Madani Callysta Saibuyun,160970868.0,1,0.6257997852449527,0.9816597890875745,True,Many bidders disqualified (21% vs typical 0%); Few bids (1 vs typical 2); Few registered firms actually bid (5% vs typical 9%),1,0.0526315789473684,0.91154707886958,,0.0,0.2105263157894736,2,1,176866290.0
51,10019949000,Seleksi (consultant),Banten,Dinas Pekerjaan Umum dan Penataan Ruang,Pengawasan Rehabilitasi Ruas Jalan Cipanas - Ciparay,PT DATA ENGINEERING KONSULTAN,387850000.0,2,0.6255954971416665,0.981201283814764,True,Many bidders disqualified (8% vs typical 0%); Same firm keeps winning in this work unit (6 wins vs typical 2); Few registered firms actually bid (3% vs typical 9%),1,0.0277777777777777,0.972429242829008,,0.0,0.0833333333333333,6,2,398846500.0
52,10019892000,Seleksi (consultant),Jawa Barat,Dinas Perumahan dan Permukiman,Penyusunan DED Penataan Kawasan Kumuh di Jawa Barat,PT. 4CIPTA KONSULTAN,1092401949.0,2,0.6254049349468569,0.9807427785419532,True,Many bidders disqualified (8% vs typical 0%); Few registered firms actually bid (2% vs typical 9%); Winning bid close to the owner's estimate (100.0% of estimate vs typical 97.0%),1,0.0192307692307692,0.999777809316886,,0.0,0.0769230769230769,1,2,1109796759.0
53,10007599000,Seleksi (consultant),DKI Jakarta,KOTA ADMINISTRASI JAKARTA BARAT,",Jasa Konsultansi Perencanaan Rehab Total Kantor Lurah Kelurahan Kedoya Selatan",PT. SYAPRIL JANIZAR,304007200.0,2,0.6252438216785524,0.9802842732691426,True,Many bidders disqualified (4% vs typical 0%); Bids unusually close together (0.18% spread vs typical 4.13%); Winning bid close to the owner's estimate (99.7% of estimate vs typical 97.0%),4,0.0816326530612244,0.997394112897306,0.0018458898339896,0.0013265042927153,0.0408163265306122,1,2,305155200.0
54,10059987000,Seleksi (consultant),DKI Jakarta,UNIT PENGELOLA PRASARANA DAN SARANA PENDIDIKAN,Jasa Konsultansi Konstruksi Pengawasan Rehab Berat SDN Cempaka Baru 01 dan Gedung Eks. SMPN 183 Jakarta,CIKAL TRANSPARANSI KONSULTAN,189741550.0,1,0.6235020932573241,0.979825767996332,True,Many bidders disqualified (11% vs typical 0%); Winning bid close to the owner's estimate (100.0% of estimate vs typical 97.0%); Few registered firms actually bid (6% vs typical 9%),2,0.0571428571428571,0.9998905668636464,,8.75637573607424e-05,0.1142857142857142,1,1,255864000.0
55,10062235000,Seleksi (consultant),Kalimantan Timur,"Dinas Pekerjaan Umum, Penataan Ruang dan Perumahan Rakyat",Identifikasi Kebutuhan Penyediaan dan Perbaikan PSU Permukiman di Kab. Mahakam Ulu,PT. WIDYA AIKA BERKARYA,319904220.0,2,0.621881982047708,0.9793672627235214,True,Same firm keeps winning in this work unit (5 wins vs typical 2); Many bidders disqualified (4% vs typical 0%); Bids unusually close together (0.71% spread vs typical 4.13%),3,0.1071428571428571,0.9852211173825992,0.0071396394036867,0.0142446433032934,0.0357142857142857,5,2,324728880.0
56,10006223000,Tender (works and goods),Kalimantan Tengah,Dinas Pekerjaan Umum dan Penataan Ruang,Peningkatan  Jalan Pelantaran - Parenggean - Tb. Sangai,PT. MULTI KARYA PRIMAS MANDIRI,4962500000.0,2,0.6211799124588077,0.995417515274949,True,Same firm keeps winning in this work unit (6 wins vs typical 1); Few bids (1 vs typical 3); Winning bid close to the owner's estimate (97.3% of estimate vs typical 96.0%),1,0.125,0.9725294481295216,,0.0,0.0,6,2,29925500000.0
57,10026622000,Seleksi (consultant),Banten,Dinas Pekerjaan Umum dan Penataan Ruang,Desain Pelestarian dan Pemanfaatan Situ Sindang Mandi,PT.PARINDO RAYA ENGINEERING,380016000.0,3,0.6210007846791701,0.9789087574507108,True,Same firm keeps winning in this work unit (10 wins vs typical 2); Few registered firms actually bid (4% vs typical 9%); Few bids (1 vs typical 2),1,0.037037037037037,0.9554452598547264,,0.0,0.0,10,3,399935000.0
58,10023071000,Seleksi (consultant),Jawa Barat,Dinas Bina Marga dan Penataan Ruang,PW - 03A / 2025 FT - 03 Pengawasan Teknis Jalan dan Jembatan di UPTD Pengelolaan Jalan dan Jembatan Wilayah Pelayanan - III,LAKSANA DISAIN DAYA CIPTA PT.,1645834740.0,1,0.6208095945692604,0.9784502521779,True,Many bidders disqualified (10% vs typical 0%); Same firm keeps winning in this work unit (6 wins vs typical 2); Few registered firms actually bid (4% vs typical 9%),2,0.04,0.8476722072032251,,0.0209222298692359,0.1,6,1,1942465479.0
59,10019963000,Seleksi (consultant),Banten,Dinas Pekerjaan Umum dan Penataan Ruang,Pengawasan Pelebaran Ruas Jalan Raya Petir - Serang (Sempu - Boru),PT.PARINDO RAYA ENGINEERING,393855000.0,3,0.6194209215081253,0.9779917469050894,True,Same firm keeps winning in this work unit (10 wins vs typical 2); Few registered firms actually bid (4% vs typical 9%); Few bids (1 vs typical 2),1,0.0416666666666666,0.9885408881093404,,0.0,0.0,10,3,399376500.0
60,10038537000,Seleksi (consultant),Sulawesi Tengah,Dinas Cipta Karya dan Sumberdaya Air,Pengawasan Optimalisasi SPAM Desa Bou Kecamatan Sojol Kabupaten Donggala,CV. LIMA DIMENSI,189454356.0,2,0.6188121001486828,0.9775332416322788,True,Many bidders disqualified (14% vs typical 0%); Few registered firms actually bid (4% vs typical 9%); Few bids (1 vs typical 2),1,0.0357142857142857,0.9917300143864448,,0.0,0.1428571428571428,2,2,199988256.0
61,10009758000,Tender (works and goods),Kalimantan Tengah,Dinas Pekerjaan Umum dan Penataan Ruang,Pemeliharaan  Berkala Jalan di Provinsi Kalimantan Tengah Wilayah Tengah,PT. MULTI KARYA PRIMAS MANDIRI,38886800000.0,2,0.6186852274991775,0.994908350305499,True,Same firm keeps winning in this work unit (6 wins vs typical 1); Few bids (1 vs typical 3); Winning bid close to the owner's estimate (97.4% of estimate vs typical 96.0%),1,0.125,0.9741827446757896,,0.0,0.0,6,2,39935500000.0
62,10010255000,Seleksi (consultant),Kalimantan Tengah,Dinas Pekerjaan Umum dan Penataan Ruang,Pengawasan Teknis Jalan dan Jembatan untuk Kegiatan Wilayah Pulang Pisau 1 CS,PT Prakarsa Desain Konsultan,790000000.0,3,0.6185776981043314,0.9770747363594682,True,Many bidders disqualified (9% vs typical 0%); Same firm keeps winning in this work unit (5 wins vs typical 2); Few bids (1 vs typical 2),1,0.0909090909090909,0.9938730033898304,,0.0,0.0909090909090909,5,3,1180000000.0
63,10015640000,Seleksi (consultant),Kalimantan Selatan,DINAS PEKERJAAN UMUM DAN PENATAAN RUANG,Konsultan Supervisi Pembangunan Jalan Semisir,CV. TIKA KREATIF DESAIN KONSULTAN,586815708.0,3,0.6178638186311871,0.9766162310866576,True,Same firm keeps winning in this work unit (8 wins vs typical 2); Many bidders disqualified (4% vs typical 0%); Few registered firms actually bid (4% vs typical 9%),1,0.0384615384615384,0.9812661408082572,,0.0,0.0384615384615384,8,3,599908000.0
64,10032026000,Seleksi (consultant),Bali,"Dinas Pendidikan, Kepemudaan dan Olahraga",Jasa Konsultan Pengawasan Pembangunan Unit Sekolah Baru (USB) SMKN 1 Banjar (lanjutan),CV. Studio Kotak,198778000.0,4,0.6176626103576606,0.9761577258138469,True,Same firm keeps winning in this work unit (5 wins vs typical 2); Bids unusually close together (0.20% spread vs typical 4.13%); Winning bid close to the owner's estimate (100.0% of estimate vs typical 97.0%),4,0.3333333333333333,0.9999800743494424,0.0019648876423487,0.0046485154061624,0.0,5,4,199060000.0
65,10047947000,Tender (works and goods),Sumatera Selatan,Dinas Pekerjaan Umum Bina Marga dan Tata Ruang,Pemeliharaan Berkala Jalan Bts. Kab. Muara Enim - Sp. Air Dingin,PT. Bumi Mahardika Sentosa,2900992834.05,1,0.6175763041802147,0.9943991853360488,True,Bids unusually close together (1.18% spread vs typical 5.40%); Many bidders disqualified (25% vs typical 4%); Same firm keeps winning in this work unit (2 wins vs typical 1),3,0.375,0.9672365539315236,0.0117931049095462,0.0,0.25,2,1,2999804000.0
66,10086518000,Tender (works and goods),DKI Jakarta,DINAS SUMBER DAYA AIR,Pembangunan Sistem Tata Air Pompa Cilincing KBN (Polder Sunter Timur II Kebantenan - KBN) Beserta Kelengkapannya,PT. NINDYA KARYA (Persero),261180069434.9,1,0.6175416610715849,0.9938900203665988,True,Same firm keeps winning in this work unit (4 wins vs typical 1); Few registered firms actually bid (3% vs typical 13%); Winning bid close to the owner's estimate (98.3% of estimate vs typical 96.0%),2,0.0285714285714285,0.982879748836526,,0.0,0.0714285714285714,4,1,265729423913.83
67,10087340000,Tender (works and goods),DKI Jakarta,DINAS SUMBER DAYA AIR,Pembangunan Tanggul Pengaman Pantai NCICD Fase A Tahap 3 Paket 2,PT. Pembangunan Perumahan (Persero)  Tbk,191919976997.96,2,0.6161996086221213,0.9933808553971488,True,Same firm keeps winning in this work unit (3 wins vs typical 1); Many bidders disqualified (12% vs typical 4%); Few registered firms actually bid (3% vs typical 13%),2,0.0344827586206896,0.9913226473747404,,0.0,0.1206896551724138,3,2,193599911700.0
68,10020162000,Seleksi (consultant),Banten,Dinas Pekerjaan Umum dan Penataan Ruang,Pengawasan Rekonstruksi Ruas Jalan Tigaraksa - Maja,PT.PARINDO RAYA ENGINEERING,297795000.0,2,0.6160992799319145,0.9756992205410362,True,Same firm keeps winning in this work unit (10 wins vs typical 2); Winning bid close to the owner's estimate (99.5% of estimate vs typical 97.0%); Few registered firms actually bid (8% vs typical 9%),3,0.0789473684210526,0.995058040457908,0.0791327932422064,0.1706503055908532,0.0,10,2,299274000.0
69,10065013000,Tender (works and goods),Sumatera Selatan,Dinas Perumahan dan Kawasan Permukiman,Penyediaan PSU Permukiman Kec. Sukarami Kota Palembang,CV AZZAM AAMIRAH,3343161711.8,3,0.6159647291738415,0.9928716904276986,True,Bids unusually close together (2.95% spread vs typical 5.40%); Same firm keeps winning in this work unit (3 wins vs typical 1); Winner priced above the cheapest bid (+5.9% vs typical +1.8%),3,0.375,0.9996626224998432,0.0295192119648819,0.058863373427384,0.125,3,3,3344290000.0
70,10015708000,Seleksi (consultant),Kalimantan Selatan,DINAS PEKERJAAN UMUM DAN PENATAAN RUANG,Konsultan Supervisi Rehabilitasi Jalan Pelaihari - Batakan,CV. TIKA KREATIF DESAIN KONSULTAN,299509524.0,3,0.6159586561907546,0.9752407152682256,True,Same firm keeps winning in this work unit (8 wins vs typical 2); Winning bid close to the owner's estimate (99.9% of estimate vs typical 97.0%); Bids unusually close together (2.68% spread vs typical 4.13%),3,0.1764705882352941,0.9991498844734288,0.0267799937980738,0.0548759093171749,0.0,8,3,299931000.0
71,10086904000,Tender (works and goods),Sumatera Selatan,Dinas Pendidikan,Rehabilitasi Gedung UPTD Graha Provinsi Sumatera Selatan,JASA MUSI,,1,0.6150519934836135,0.9923625254582484,True,Many bidders disqualified (33% vs typical 4%); Same firm keeps winning in this work unit (2 wins vs typical 1); Winning bid close to the owner's estimate (99.5% of estimate vs typical 96.0%),2,0.6666666666666666,0.9945771901194564,,0.0,0.3333333333333333,2,1,449566350.97
72,10024467000,Seleksi (consultant),Jawa Barat,Dinas Bina Marga dan Penataan Ruang,Penyusunan FS &amp; DED Simpang Tidak Sebidang Bojongsoang (Kab. Bandung),PT. GARIS PUTIH SEJAJAR,912213170.0,2,0.6133754569465026,0.974782209995415,True,Same firm keeps winning in this work unit (6 wins vs typical 2); Few registered firms actually bid (2% vs typical 9%); Many bidders disqualified (3% vs typical 0%),1,0.0166666666666666,0.8417191880046136,,0.0,0.0333333333333333,6,2,1083750000.0
73,10030356000,Seleksi (consultant),Banten,Dinas Pekerjaan Umum dan Penataan Ruang,",Pengawasan Pembangunan Gedung Kantor BINDA Prov Banten Tahap 1",PT. BIGHI KONSULTAN PRAKASA,,3,0.6131330096036363,0.9743237047226044,True,Same firm keeps winning in this work unit (8 wins vs typical 2); Many bidders disqualified (4% vs typical 0%); Few registered firms actually bid (4% vs typical 9%),1,0.037037037037037,0.971328172404366,,0.0,0.037037037037037,8,3,299946000.0
74,10039456000,Tender (works and goods),Kalimantan Timur,Dinas Pendidikan dan Kebudayaan,Pembangunan Perpustakaan SMKN 1 Samboja,CV. CAHAYA HATI,490024800.0,2,0.6129524094504475,0.9918533604887984,True,Bids unusually close together (0.00% spread vs typical 5.40%); Same firm keeps winning in this work unit (3 wins vs typical 1); Few registered firms actually bid (10% vs typical 13%),5,0.0961538461538461,0.8,0.0,0.0,0.0384615384615384,3,2,612531000.0
75,10006237000,Tender (works and goods),Kalimantan Tengah,Dinas Pekerjaan Umum dan Penataan Ruang,Peningkatan (Overlay) Jalan dalam Kota Palangka Raya,PT. MULTI KARYA PRIMAS MANDIRI,5680500000.0,2,0.6123215325332845,0.9913441955193484,True,Same firm keeps winning in this work unit (6 wins vs typical 1); Few bids (1 vs typical 3); Winning bid close to the owner's estimate (98.0% of estimate vs typical 96.0%),1,0.1,0.9795181124960372,,0.0,0.0,6,2,29965500000.0
76,10009517000,Tender (works and goods),Kalimantan Tengah,Dinas Pekerjaan Umum dan Penataan Ruang,Peningkatan  Jalan Cempaka Mulia - Kampung Melayu,PT. MULTI KARYA PRIMAS MANDIRI,4962500000.0,2,0.6122496693418051,0.9908350305498982,True,Same firm keeps winning in this work unit (6 wins vs typical 1); Winner priced above the cheapest bid (+8.2% vs typical +1.8%); Bids unusually close together (4.34% spread vs typical 5.40%),3,0.1875,0.9725390832340188,0.0434437064619641,0.0819871956287756,0.125,6,2,49925500000.0
77,10070411000,Seleksi (consultant),Kalimantan Tengah,Dinas Pekerjaan Umum dan Penataan Ruang,Penyusunan Masterplan dan DED Penataan Kawasan Islamic Center Masjid Darussalam Palangka Raya,PT. NIDISA ESTETIKA,1693468414.2,2,0.6118809111177241,0.9738651994497936,True,Many bidders disqualified (10% vs typical 0%); Same firm keeps winning in this work unit (5 wins vs typical 2); Few registered firms actually bid (5% vs typical 9%),1,0.0476190476190476,0.9899452407981068,,0.0,0.0952380952380952,5,2,1715109000.0
78,10013826000,Seleksi (consultant),DI Yogyakarta,PANIRADYA KAISTIMEWAN,Belanja Jasa Konversi Aplikasi/Sistem Informasi RENDAL 06.01 (PANIRADYA KAISTIMEWAN),CV. JOGJA MEDIA TELEMATIKA,407314500.0,0,0.6116897094837157,0.973406694176983,True,Many bidders disqualified (16% vs typical 0%); Bids unusually close together (1.58% spread vs typical 4.13%),3,0.1578947368421052,0.9073633333333332,0.0158069126261758,0.0310947164980059,0.1578947368421052,1,0,450000000.0
79,10027987000,Seleksi (consultant),Bali,"Dinas Pekerjaan Umum, Penataan Ruang, Perumahan dan Kawasan Permukiman",Pengawasan Pembangunan Akses Menuju Pura Titi Gonggang Kab. Karangasem,PT. BIKARMA,262475000.0,2,0.6109500346950185,0.9729481889041725,True,Same firm keeps winning in this work unit (7 wins vs typical 2); Bids unusually close together (0.20% spread vs typical 4.13%),3,0.2307692307692307,0.962681263734862,0.0019800690788118,0.0,0.0,7,2,274118607.0
80,10035535000,Seleksi (consultant),Sulawesi Tengah,Inspektorat Daerah Provinsi Sulawesi Tengah,PERENCANAAN GEDUNG KANTOR INSPEKTORAT,PRIMEGA SANIYYA LESTARI,1283271000.0,2,0.61075468330681,0.9724896836313618,True,Many bidders disqualified (7% vs typical 0%); Bids unusually close together (0.68% spread vs typical 4.13%); Winning bid close to the owner's estimate (99.9% of estimate vs typical 97.0%),3,0.1034482758620689,0.9991031446153846,0.0068294091604907,0.0117555588066735,0.0689655172413793,1,2,1300000000.0
81,10027750000,Tender (works and goods),Kalimantan Timur,Dinas Pendidikan dan Kebudayaan,Pembangunan Ruang Laboratorium SMKN 1 Marangkayu,CV. SUMBER LUMINTU,563622400.0,2,0.6105261402181933,0.990325865580448,True,Winner priced above the cheapest bid (+14.7% vs typical +1.8%); Same firm keeps winning in this work unit (4 wins vs typical 1); Many bidders disqualified (25% vs typical 4%),32,0.2882882882882883,0.8,0.0588860342673252,0.1472215344445728,0.2522522522522522,4,2,704528000.0
82,10068005000,Seleksi (consultant),Sulawesi Tengah,"Dinas Perumahan, Kawasan Permukiman dan Pertanahan Provinsi Sulawesi Tengah",Penyusunan Rencana Tapak (Site Plan) dan Detail Engineering Design (DED) Peremajaan/Pemugaran Permukiman Kumuh dengan Luas 10 (Sepuluh) Ha sampai dengan di Bawah 15 (Lima Belas) Ha . Kel. Bonesompe Kec. Poso Kota Utara Kab. Poso,PT. SATRIA CREASINDO PRIMA,283905588.0,3,0.6104339326397783,0.9720311783585512,True,Bids unusually close together (0.15% spread vs typical 4.13%); Winning bid close to the owner's estimate (99.8% of estimate vs typical 97.0%); Few registered firms actually bid (7% vs typical 9%),3,0.0652173913043478,0.99827036,0.0014578113799685,0.0016892657003324,0.0,2,3,300000000.0
83,10065358000,Tender (works and goods),DKI Jakarta,DINAS SUMBER DAYA AIR,Pembangunan Sistem Tata Air Waduk/ Embung Sunter Hulu TIU Beserta Kelengkapannya,PT BRANTAS ABIPRAYA (Persero),,1,0.6103561213934653,0.989816700610998,True,Same firm keeps winning in this work unit (4 wins vs typical 1); Few registered firms actually bid (4% vs typical 13%); Many bidders disqualified (9% vs typical 4%),2,0.0444444444444444,0.9560713724230449,,0.0,0.0888888888888888,4,1,114701234116.48
84,10021807000,Seleksi (consultant),DKI Jakarta,DINAS PERUMAHAN RAKYAT DAN KAWASAN PERMUKIMAN,Perencanaan Pemeliharaan Berkala Rumah Susun 16 (Cakung Barat),PT. CATUR EKA CIPTA,566471850.0,3,0.6103483449530052,0.9715726730857404,True,Many bidders disqualified (13% vs typical 0%); Few registered firms actually bid (3% vs typical 9%); Few bids (1 vs typical 2),1,0.032258064516129,0.9900009698380372,,0.0,0.1290322580645161,2,3,577416000.0
85,10080288000,Tender (works and goods),Sumatera Selatan,Dinas Perumahan dan Kawasan Permukiman,Penyediaan PSU Permukiman Kec. Kalidoni Kota Palembang,CV AZZAM AAMIRAH,1262578458.94,3,0.6102270730992864,0.9893075356415478,True,Winner priced above the cheapest bid (+17.4% vs typical +1.8%); Same firm keeps winning in this work unit (3 wins vs typical 1); Many bidders disqualified (14% vs typical 4%),2,0.2857142857142857,0.9986383444910228,,0.1739721810854912,0.1428571428571428,3,3,1264300000.0
86,10069043000,Seleksi (consultant),Maluku Utara,Dinas Pekerjaan Umum dan Tata Ruang,Finalisasi Rancangan Pola Pengelolaan SDA WS Kepulauan&nbsp;Sula-Obi,PERMATA DESIGN TEKNIK,,2,0.6102210417479987,0.9711141678129298,True,Many bidders disqualified (10% vs typical 0%); Same firm keeps winning in this work unit (6 wins vs typical 2); Few registered firms actually bid (5% vs typical 9%),1,0.0476190476190476,0.9487706827964668,,0.0,0.0952380952380952,6,2,980380000.0
87,10047047000,Seleksi (consultant),Sulawesi Barat,Dinas Pekerjaan Umum dan Penataan Ruang Daerah,Penyusunan Pola dan Rencana Pengelolaan Wilayah Sungai Kewenangan Provinsi,CV. DARMA CITRA UTAMA,178074747.0,1,0.6101385741500122,0.9706556625401191,True,Many bidders disqualified (15% vs typical 0%); Few bids (1 vs typical 2); Few registered firms actually bid (8% vs typical 9%),1,0.0769230769230769,0.8938586799362818,,0.0,0.1538461538461538,1,1,199220247.0
88,10066399000,Tender (works and goods),Sumatera Selatan,Dinas Pekerjaan Umum Bina Marga dan Tata Ruang,Rehabilitasi Jalan Sp. Sugihwaras - Bts. Kab. Lahat,DJIWA ABDILLAH NUSANTARA,8720419682.63,1,0.6099486243568707,0.9887983706720976,True,Bids unusually close together (0.38% spread vs typical 5.40%); Many bidders disqualified (25% vs typical 4%); Winning bid close to the owner's estimate (96.9% of estimate vs typical 96.0%),3,0.75,0.968935520292222,0.0038049502152577,0.0,0.25,1,1,9000000000.0
89,10087308000,Tender (works and goods),DKI Jakarta,DINAS SUMBER DAYA AIR,Pembangunan Tanggul Pengaman Pantai NCICD Fase A Tahap 3 Paket 1,PT BRANTAS ABIPRAYA (Persero),210658400000.0,1,0.6094809905968607,0.9882892057026476,True,Same firm keeps winning in this work unit (4 wins vs typical 1); Few registered firms actually bid (3% vs typical 13%); Winning bid close to the owner's estimate (98.1% of estimate vs typical 96.0%),2,0.0327868852459016,0.9806301862515108,,0.0,0.0655737704918032,4,1,214819412000.0
90,10019962000,Seleksi (consultant),Banten,Dinas Pekerjaan Umum dan Penataan Ruang,Pengawasan Pelebaran Ruas Jalan Pakupatan - Palima,PT. KREASI TEKNIKTAMA KONSULTAN,293630000.0,4,0.6087147722974022,0.9701971572673086,True,Same firm keeps winning in this work unit (8 wins vs typical 2); Few registered firms actually bid (5% vs typical 9%); Winning bid close to the owner's estimate (100.0% of estimate vs typical 97.0%),1,0.0454545454545454,1.0,,0.0,0.0,8,4,299274000.0
91,10015713000,Seleksi (consultant),Kalimantan Selatan,DINAS PEKERJAAN UMUM DAN PENATAAN RUANG,Konsultan Supervisi Rehabilitasi Jalan Pelaihari - Takisung,CV. TIKA KREATIF DESAIN KONSULTAN,294402192.0,3,0.6076066620419288,0.969738651994498,True,Same firm keeps winning in this work unit (8 wins vs typical 2); Winning bid close to the owner's estimate (99.5% of estimate vs typical 97.0%); Bids unusually close together (2.53% spread vs typical 4.13%),3,0.1428571428571428,0.9952713924202566,0.0253246606868736,0.0515617582909144,0.0,8,3,299931000.0
92,10005664000,Tender (works and goods),Kalimantan Tengah,Dinas Pekerjaan Umum dan Penataan Ruang,Peningkatan  Jalan Parenggean - Tb. Sangai (DBH Sawit 2025),PT. MULTI KARYA PRIMAS MANDIRI,22327200000.0,2,0.6072362745270393,0.9877800407331976,True,Same firm keeps winning in this work unit (6 wins vs typical 1); Few bids (1 vs typical 3); Winning bid close to the owner's estimate (97.5% of estimate vs typical 96.0%),1,0.1428571428571428,0.9750083044981492,,0.0,0.0,6,2,22915292000.0
93,10059209000,Tender (works and goods),Jawa Tengah,DINAS PENDIDIKAN DAN KEBUDAYAAN,Paket III Rehabilitasi Ruang Kelas Sekolah (SMAN 1 Kedungwuni &amp; SMAN 1 Wiradesa) Kab. Pekalongan,CV. TUNJUNG STEEL CONSTRUCTION,3490580000.0,3,0.6070943657694781,0.9872708757637476,True,Bids unusually close together (0.95% spread vs typical 5.40%); Same firm keeps winning in this work unit (3 wins vs typical 1); Few registered firms actually bid (8% vs typical 13%),4,0.08,0.8285889700728337,0.0095217940926016,0.01134620480458,0.06,3,3,4216871000.0
94,10039452000,Seleksi (consultant),Bali,"Dinas Pendidikan, Kepemudaan dan Olahraga",Jasa Konsultan Pengawasan Pembangunan Unit Sekolah Baru (USB) SMKN 2 Kuta Selatan  (Lanjutan),CV. Studio Kotak,198799000.0,4,0.6069962142648395,0.9692801467216872,True,Same firm keeps winning in this work unit (5 wins vs typical 2); Bids unusually close together (0.38% spread vs typical 4.13%); Winning bid close to the owner's estimate (100.0% of estimate vs typical 97.0%),4,0.3076923076923077,0.9997672156327332,0.0038296874511521,0.0080808988764045,0.0,5,4,199223000.0
95,10006704000,Seleksi (consultant),Jawa Barat,Dinas Ketahanan Pangan dan Peternakan,Konsultan DED Pembangunan Laboratorium Kesmavet,PT.SELARAS MULTIARSI KONSULTAN,755219580.0,2,0.6058554352002872,0.9688216414488766,True,Many bidders disqualified (8% vs typical 0%); Few registered firms actually bid (2% vs typical 9%); Few bids (1 vs typical 2),1,0.0153846153846153,0.99329605676161,,0.0,0.0769230769230769,1,2,760316700.0
96,10023099000,Seleksi (consultant),Jawa Barat,Dinas Bina Marga dan Penataan Ruang,PW - 04A / 2025 FT - 04 Pengawasan Teknis Jalan dan Jembatan di UPTD Pengelolaan Jalan dan Jembatan Wilayah Pelayanan - IV,PT. Anugrah Ezzy Perkasa,1149371700.0,2,0.6057965671756351,0.968363136176066,True,Bids unusually close together (0.43% spread vs typical 4.13%); Same firm keeps winning in this work unit (3 wins vs typical 2); Many bidders disqualified (2% vs typical 0%),4,0.074074074074074,0.8076178941800378,0.0043095333170974,0.0001487468560323,0.0185185185185185,3,2,1423162746.0
97,10055292000,Seleksi (consultant),Bali,"Dinas Pekerjaan Umum, Penataan Ruang, Perumahan dan Kawasan Permukiman",Perencanaan Teknis Penataan Kawasan Pura Ulundanu Batur Kab. Bangli,CV. JAYA DESAIN,899531124.0,1,0.6057129817302244,0.9679046309032554,True,Many bidders disqualified (11% vs typical 0%); Bids unusually close together (0.52% spread vs typical 4.13%),4,0.2105263157894736,0.9559996460222456,0.0051728930172073,0.0100871714883894,0.1052631578947368,2,1,941991399.0
98,10015265000,Seleksi (consultant),Kalimantan Selatan,DINAS PEKERJAAN UMUM DAN PENATAAN RUANG,Konsultan Supervisi Rekonstruksi Jalan Banjarbaru - Simpang 3 Tahura - Aranio,PT. TECHNIKATAMA JASA KONSULTAN,287972827.81,3,0.6056574435515905,0.9674461256304449,True,Same firm keeps winning in this work unit (8 wins vs typical 2); Bids unusually close together (0.77% spread vs typical 4.13%),3,0.12,0.9636050710480166,0.0076634304272013,0.0,0.0,8,3,299938000.0
99,10041957000,Tender (works and goods),Maluku,DINAS PEKERJAAN UMUM DAN PENATAAN RUANG,Preservasi Jalan Keliling Pulau Nusalaut,PT.HAPSA KARYA LESTARI,19311656700.0,2,0.6055151288000515,0.9867617107942972,True,Bids unusually close together (0.06% spread vs typical 5.40%); Winning bid close to the owner's estimate (99.8% of estimate vs typical 96.0%); Many bidders disqualified (6% vs typical 4%),3,0.1875,0.9976103749422932,0.0006319341175097,0.0,0.0625,1,2,19357914900.0
100,10053722000,Tender (works and goods),Sumatera Selatan,Dinas Perumahan dan Kawasan Permukiman,Penyediaan PSU Permukiman Kec. Talang Kelapa Kab. Banyuasin,CV. MULYA JAYA,5332450000.0,1,0.6051997727758648,0.9862525458248472,True,Bids unusually close together (1.13% spread vs typical 5.40%); Many bidders disqualified (22% vs typical 4%); Winning bid close to the owner's estimate (98.9% of estimate vs typical 96.0%),3,0.3333333333333333,0.9893664198064108,0.0112731700203408,0.022691135771069,0.2222222222222222,1,1,5389770000.0
101,10065830000,Tender (works and goods),Sumatera Selatan,Dinas Pekerjaan Umum Bina Marga dan Tata Ruang,Pemeliharaan Berkala Jalan Bts. Kab. Muara Enim - Payaraman,CV. MAWAR,4953369000.0,4,0.6034403783572709,0.9857433808553973,True,Same firm keeps winning in this work unit (5 wins vs typical 1); Many bidders disqualified (12% vs typical 4%); Winning bid close to the owner's estimate (99.1% of estimate vs typical 96.0%),2,0.25,0.990673969088,,0.0163779257702794,0.125,5,4,5000000000.0
102,10031735000,Seleksi (consultant),Bali,"Dinas Pendidikan, Kepemudaan dan Olahraga",Jasa Konsultan Pengawasan Pembangunan Unit Sekolah Baru (USB) SMKN 1 Mengwi (Lanjutan),CV. Studio Kotak,198601304.78,4,0.6026886472130902,0.966987620357634,True,Same firm keeps winning in this work unit (5 wins vs typical 2); Bids unusually close together (0.52% spread vs typical 4.13%); Winning bid close to the owner's estimate (100.0% of estimate vs typical 97.0%),4,0.2857142857142857,0.9997672156327332,0.0051505006703916,0.0109205633802818,0.0,5,4,199223000.0
103,10017708000,Seleksi (consultant),Jawa Barat,UPTD RUMAH SAKIT UMUM DAERAH JAMPANG KULON SUKABUMI,Belanja Jasa Konsultan AMDAL,PT. Environesia Global Saraya,672810960.0,1,0.6026751025652941,0.9665291150848234,True,Many bidders disqualified (16% vs typical 0%); Few bids (1 vs typical 2); Few registered firms actually bid (5% vs typical 9%),1,0.0526315789473684,0.899556514088158,,0.0,0.1578947368421052,1,1,749367660.0
104,10044056000,Seleksi (consultant),Banten,Dinas Perumahan Rakyat dan Kawasan Permukiman,Perencanaan Teknis DED Kawasan Permukiman Kumuh Desa Pagadungan Kec. Karang Tanjung Kab. Pandeglang,PT. MAJARI MITRA KONSULTAN,278514000.0,2,0.6020652564693754,0.9660706098120128,True,Many bidders disqualified (12% vs typical 0%); Few bids (1 vs typical 2); Same firm keeps winning in this work unit (3 wins vs typical 2),1,0.0625,0.93238,,0.0,0.125,3,2,300000000.0
105,10047010000,Tender (works and goods),Maluku,DINAS PEKERJAAN UMUM DAN PENATAAN RUANG,",Pemeliharaan Jalan Ruas Saparua - Itawaka",CV. RITIMASE MANDIRI,1650736000.0,2,0.6019875286568632,0.9852342158859472,True,Same firm keeps winning in this work unit (4 wins vs typical 1); Bids unusually close together (3.10% spread vs typical 5.40%); Winner priced above the cheapest bid (+6.6% vs typical +1.8%),4,0.2,0.9710328814830552,0.0310067981767434,0.0661562052339812,0.15,4,2,1699982872.0
106,10021797000,Seleksi (consultant),DKI Jakarta,DINAS PERUMAHAN RAKYAT DAN KAWASAN PERMUKIMAN,Perencanaan Pemeliharaan Berkala Rumah Susun 15 (Muara Angke),PT Delta Arsitektur Persada,648351000.0,1,0.6018910723310156,0.9656121045392022,True,Many bidders disqualified (12% vs typical 0%); Same firm keeps winning in this work unit (3 wins vs typical 2); Winning bid close to the owner's estimate (98.9% of estimate vs typical 97.0%),2,0.0769230769230769,0.9891617273497036,,0.0,0.1153846153846153,3,1,661360000.0
107,10039443000,Seleksi (consultant),DKI Jakarta,DINAS LINGKUNGAN HIDUP,",Jasa Konsultansi Pengawasan Rehabilitasi Gedung B dan Penataan Sarana Pendukung Kawasan Sarpas DLH",PT. VISI WAHANA NUSA,432595520.0,2,0.6015929924427137,0.9651535992663915,True,Many bidders disqualified (10% vs typical 0%); Few registered firms actually bid (3% vs typical 9%); Winning bid close to the owner's estimate (99.9% of estimate vs typical 97.0%),1,0.0344827586206896,0.9987688519544476,,0.0,0.1034482758620689,1,2,545832000.0
108,10065192000,Tender (works and goods),Sumatera Selatan,Dinas Pendidikan,Pembangunan Ruang Kelas Baru SMAN 1 Martapura Kab. OKU Timur,PT. SUKSES PASTI PERSADA,,1,0.6015230729011687,0.984725050916497,True,Many bidders disqualified (25% vs typical 4%); Same firm keeps winning in this work unit (2 wins vs typical 1); Winning bid close to the owner's estimate (99.9% of estimate vs typical 96.0%),2,0.5,0.9985545423855894,,0.0,0.25,2,1,569133561.44
109,10017374000,Seleksi (consultant),Jawa Timur,UPT PENGELOLAAN PENDAPATAN DAERAH MOJOKERTO,Perencanaan Rehabilitasi Atap UPT PPD Mojokerto,PT. PILAREMPAT CONSULTAN,140570400.0,1,0.6014630385437902,0.9646950939935808,True,Many bidders disqualified (7% vs typical 0%); Bids unusually close together (1.52% spread vs typical 4.13%); Winning bid close to the owner's estimate (99.9% of estimate vs typical 97.0%),4,0.1379310344827586,0.9993116616616524,0.0151920687111026,0.0329728973995173,0.0689655172413793,1,1,155107124.0
110,10072734000,Tender (works and goods),Bengkulu,Dinas Pekerjaan Umum dan Tata Ruang,Rehabilitasi Sarana dan Prasarana SMAN/SMKN Kabupaten Lebong,PT. RAUDAH NUSANTARA BERKAH,1239444747.76,2,0.6014240896824772,0.9842158859470468,True,Winner priced above the cheapest bid (+19.5% vs typical +1.8%); Many bidders disqualified (31% vs typical 4%); Winning bid close to the owner's estimate (99.2% of estimate vs typical 96.0%),11,0.34375,0.9915582011260772,0.06262439134453,0.195288064737312,0.3125,1,2,1249996970.74
111,10019910000,Seleksi (consultant),Banten,Dinas Pekerjaan Umum dan Penataan Ruang,Pengawasan Rekonstruksi Jalan Teluknaga Dadap,PT. KREASI TEKNIKTAMA KONSULTAN,197498000.0,2,0.6011338865778052,0.9642365887207704,True,Same firm keeps winning in this work unit (8 wins vs typical 2); Winning bid close to the owner's estimate (99.9% of estimate vs typical 97.0%); Bids unusually close together (3.54% spread vs typical 4.13%),5,0.2,0.9992733104467888,0.0354087401793206,0.08733469665985,0.0,8,2,199535000.0
112,10032030000,Seleksi (consultant),Bali,"Dinas Pendidikan, Kepemudaan dan Olahraga",Jasa Konsultan Pengawasan Pembangunan Unit Sekolah Baru (USB) SMKN 7 Denpasar (Lanjutan),CV. Studio Kotak,198860000.0,4,0.6007200389235027,0.9637780834479596,True,Same firm keeps winning in this work unit (5 wins vs typical 2); Bids unusually close together (0.64% spread vs typical 4.13%); Winning bid close to the owner's estimate (100.0% of estimate vs typical 97.0%),4,0.2666666666666666,0.9998943849705078,0.0064229302543873,0.0135409577464788,0.0,5,4,199714000.0
113,10051695000,Seleksi (consultant),Sumatera Utara,Dinas Pendidikan,Belanja Jasa Tenaga Ahli pada Konsultansi Perencanaan Kurikulum Marsipaturehutanabe,PT. ARTEK UTAMA,485056320.0,1,0.5999305128972722,0.963319578175149,True,Many bidders disqualified (12% vs typical 0%); Few bids (1 vs typical 2); Winning bid close to the owner's estimate (97.0% of estimate vs typical 97.0%),1,0.125,0.9701503904919948,,0.0,0.125,1,1,499980544.0
114,10020414000,Seleksi (consultant),Bali,"Dinas Pekerjaan Umum, Penataan Ruang, Perumahan dan Kawasan Permukiman",Pengawasan Penataan Area Parahyangan di Kawasan Suci Besakih Kabupaten Karangasem Tahap I,CV. JAYA DESAIN,498134000.0,2,0.5993125348991611,0.9628610729023384,True,Many bidders disqualified (5% vs typical 0%); Bids unusually close together (0.43% spread vs typical 4.13%); Winning bid close to the owner's estimate (99.9% of estimate vs typical 97.0%),3,0.1578947368421052,0.99874395712707,0.0043054920128154,0.0076669058295963,0.0526315789473684,2,2,499482950.4
115,10099526000,Tender (works and goods),Sulawesi Selatan,"DINAS SUMBER DAYA AIR, CIPTA KARYA DAN TATA RUANG","Rehabilitasi Daerah Irigasi Kab. Maros, Gowa, Bulukumba, Sinjai Paket - 1",PT. Adi Jaya lima Pradana,,1,0.5991315068111276,0.9837067209775968,True,Few registered firms actually bid (1% vs typical 13%); Same firm keeps winning in this work unit (2 wins vs typical 1); Few bids (1 vs typical 3),1,0.0094339622641509,0.87,,0.0,0.0660377358490566,2,1,71161640000.0
116,10061097000,Tender (works and goods),Banten,Dinas Pendidikan dan Kebudayaan,Pembangunan dan Rehabilitasi SMAN Wil. Kota Cilegon,PT. SERASAN BANGUN BERSAMA,2583114000.0,1,0.5983483503465823,0.9831975560081466,True,Winner priced above the cheapest bid (+83.5% vs typical +1.8%); Same firm keeps winning in this work unit (2 wins vs typical 1); Few registered firms actually bid (5% vs typical 13%),2,0.054054054054054,0.9775872380428038,,0.8351831670468941,0.027027027027027,2,1,2642760000.0
117,10025107000,Seleksi (consultant),Banten,Dinas Pekerjaan Umum dan Penataan Ruang,Pengawasan Konstruksi Rehabilitasi Jaringan Irigasi D.I. Cikoncang,PT. KREASI TEKNIKTAMA KONSULTAN,249245000.0,3,0.5966960403054438,0.9624025676295276,True,Same firm keeps winning in this work unit (8 wins vs typical 2); Few registered firms actually bid (4% vs typical 9%); Winning bid close to the owner's estimate (99.7% of estimate vs typical 97.0%),1,0.0384615384615384,0.9974196284264936,,0.0,0.0,8,3,249964000.0
118,10006158000,Seleksi (consultant),Kalimantan Tengah,RSJ Kalawa Atei,Jasa Konsultansi Kontruksi  Perencanaan Pembangunan Gedung Rawat Inap Rehabilitasi NAPZA,CV.BETANG ENGINEERING,196842240.0,2,0.596673195098534,0.9619440623567173,True,Many bidders disqualified (11% vs typical 0%); Winning bid close to the owner's estimate (99.8% of estimate vs typical 97.0%); Few bids (1 vs typical 2),1,0.1111111111111111,0.9975466666666668,,0.0,0.1111111111111111,1,2,198000000.0
119,10086508000,Tender (works and goods),DKI Jakarta,DINAS SUMBER DAYA AIR,Pembangunan Sistem Tata Air Pompa Pegangsaan Dua dan Pompa Warung Jengkol Beserta Kelengkapannya,PT ADHI KARYA (Persero) Tbk,199037269861.19,1,0.5966365908299531,0.9826883910386964,True,Same firm keeps winning in this work unit (3 wins vs typical 1); Few registered firms actually bid (4% vs typical 13%); Many bidders disqualified (11% vs typical 4%),2,0.0357142857142857,0.9763205615745062,,0.0,0.1071428571428571,3,1,203864670780.06
120,10015298000,Seleksi (consultant),Kalimantan Selatan,DINAS PEKERJAAN UMUM DAN PENATAAN RUANG,Konsultan Supervisi Pembangunan Jalan Tanjung Lalak Utara,CV. RAMIER JAYA ARKANANTA,580864590.0,2,0.5966252905265363,0.9614855570839064,True,Same firm keeps winning in this work unit (7 wins vs typical 2); Many bidders disqualified (4% vs typical 0%); Few registered firms actually bid (4% vs typical 9%),1,0.0434782608695652,0.9728791748068036,,0.0,0.0434782608695652,7,2,599908000.0
121,10050703000,Seleksi (consultant),Sulawesi Tengah,Dinas Cipta Karya dan Sumberdaya Air,Jasa Konsultan Supervisi Pembangunan Tangki Septik Kabupaten Morowali Utara,CV. LIMA DIMENSI,294332000.0,2,0.5965965944571965,0.9610270518110958,True,Bids unusually close together (0.06% spread vs typical 4.13%); Many bidders disqualified (3% vs typical 0%); Winning bid close to the owner's estimate (99.5% of estimate vs typical 97.0%),4,0.1379310344827586,0.9950345027158602,0.0006069068639693,0.0011028211635792,0.0344827586206896,2,2,303794346.0
122,10074111000,Tender (works and goods),Papua,DINAS PEKERJAAN UMUM PENATAAN RUANG PERUMAHAN DAN KAWASAN PERMUKIMAN,Pemeliharaan Jalan Waena - Arso V,CV.PUTRA ONATE,,2,0.5965954013085459,0.9821792260692463,True,Winner priced above the cheapest bid (+18.8% vs typical +1.8%); Same firm keeps winning in this work unit (3 wins vs typical 1); Few registered firms actually bid (4% vs typical 13%),2,0.04,0.9662827507036916,,0.1879029927577213,0.02,3,2,3996444563.31
123,10010423000,Seleksi (consultant),Jawa Barat,Dinas Perumahan dan Permukiman,Pengawasan Penataan Kumuh di Kota Bogor,PT.SELARAS MULTIARSI KONSULTAN,296689000.0,2,0.5963240078152611,0.9605685465382852,True,Bids unusually close together (0.54% spread vs typical 4.13%); Winning bid close to the owner's estimate (99.1% of estimate vs typical 97.0%); Few registered firms actually bid (6% vs typical 9%),3,0.0612244897959183,0.9911934576566088,0.0053919111605921,0.0032662554910682,0.0,2,2,305762000.0
124,10052387000,Tender (works and goods),Bengkulu,UPTKD Kesehatan RSKJ Soeprapto Provinsi Bengkulu,Renovasi Gedung Anak Berkebutuhan Khusus ( ABK ),CV. BANGUN MEGA UTAMA,2153303661.42,1,0.5954694172423254,0.9816700610997964,True,Winner priced above the cheapest bid (+18.7% vs typical +1.8%); Many bidders disqualified (31% vs typical 4%); Winning bid close to the owner's estimate (98.5% of estimate vs typical 96.0%),11,0.34375,0.9845924150785076,0.0512585367688743,0.1873284013230511,0.3125,1,1,2187000050.41
125,57233127,Tender (works and goods),DKI Jakarta,DINAS SUMBER DAYA AIR,Pembangunan Tanggul Pengaman Pantai NCICD Fase A Lokasi 1 Paket 1,PT BRANTAS ABIPRAYA (Persero),276906967329.0,1,0.5950069104451088,0.9811608961303462,True,Same firm keeps winning in this work unit (4 wins vs typical 1); Few registered firms actually bid (3% vs typical 13%); Few bids (2 vs typical 3),2,0.032258064516129,0.910068654742572,,0.0,0.0483870967741935,4,1,306411003550.0
126,10070132000,Seleksi (consultant),Kalimantan Tengah,Dinas Pekerjaan Umum dan Penataan Ruang,Review Desain Penataan Kawasan Stadion Tuah Pahoe dan GOR Indoor,PT.TEMA KARYA MANDIRI,1149800000.0,1,0.5948880222752493,0.9601100412654744,True,Same firm keeps winning in this work unit (11 wins vs typical 2); Winning bid close to the owner's estimate (98.4% of estimate vs typical 97.0%),2,0.1052631578947368,0.9840535573358844,,0.1737440324622294,0.0,11,1,1170820000.0
127,10082928000,Tender (works and goods),Jawa Timur,DINAS PERKEBUNAN,Konstruksi Rehab Gedung Kantor Dinas Perkebunan Prov. Jatim (Lanjutan),CV. ASTRO FARZA,,1,0.5947880953140923,0.980651731160896,True,Winner priced above the cheapest bid (+1639436335.2% vs typical +1.8%); Few registered firms actually bid (10% vs typical 13%),13,0.0984848484848484,0.7861607983545218,0.3085784903013917,16394363.352352353,0.0151515151515151,1,1,1249971000.0
128,10006301000,Seleksi (consultant),Sumatera Barat,"DINAS BINA MARGA, CIPTA KARYA DAN TATA RUANG",Pengawasan Rekonstruksi Jalan Simp. Padang Aro - Lubuk Malako - Abai Sangir - Sei. Dareh (P.056) CS,ANDALAS RAYA CONSULINDO,220256512.0,2,0.5945078793929948,0.959651535992664,True,Same firm keeps winning in this work unit (6 wins vs typical 2); Few registered firms actually bid (5% vs typical 9%); Many bidders disqualified (2% vs typical 0%),3,0.0535714285714285,0.9405295048651888,0.0297505429410586,0.0613347424042272,0.0178571428571428,6,2,239184960.0
129,10013951000,Seleksi (consultant),Kalimantan Selatan,DINAS PEKERJAAN UMUM DAN PENATAAN RUANG,DED JALAN WILAYAH I,MITRA UTAMA TEKNIKA,663214155.3,1,0.5944344871036807,0.9591930307198532,True,Same firm keeps winning in this work unit (5 wins vs typical 2); Bids unusually close together (1.38% spread vs typical 4.13%); Few registered firms actually bid (6% vs typical 9%),3,0.0638297872340425,0.9486388844812872,0.0138408235952109,0.0277368741879686,0.0,5,1,699549000.0
130,10015229000,Seleksi (consultant),Kalimantan Selatan,DINAS PEKERJAAN UMUM DAN PENATAAN RUANG,Konsultan Supervisi Rehabilitasi Jalan pagat - hantakan,CV SEMBILAN SATU ENGINEERING,296568000.0,4,0.5943541003468965,0.9587345254470426,True,Same firm keeps winning in this work unit (6 wins vs typical 2); Many bidders disqualified (4% vs typical 0%); Few registered firms actually bid (4% vs typical 9%),1,0.0384615384615384,0.9968753413285056,,0.0,0.0384615384615384,6,4,299931000.0
131,10027942000,Seleksi (consultant),Bali,"Dinas Pekerjaan Umum, Penataan Ruang, Perumahan dan Kawasan Permukiman",Pengawasan Teknik Jalan pada Ruas Jalan Provinsi Bts. Kediri - Tanah Lot,PT. KENCANA ADHI KARMA,636260658.0,1,0.5933981607471888,0.958276020174232,True,Many bidders disqualified (9% vs typical 0%); Bids unusually close together (0.42% spread vs typical 4.13%),3,0.1304347826086956,0.8841771464604397,0.0042120134512716,0.0040423892100192,0.0869565217391304,1,1,719607672.0
132,10039081000,Seleksi (consultant),Sulawesi Barat,Dinas Pekerjaan Umum dan Penataan Ruang Daerah,Perencanaan Teknik Pembangunan Jembatan Sungai Mappi Ruas Mapilli - Piriang Kab Polewali Mandar Sumber Dana : PENDAPATAN ASLI DAERAH (PAD),PT.CENTRAL BINA RENCANA,537726069.0,1,0.5933367568080831,0.9578175149014214,True,Many bidders disqualified (12% vs typical 0%); Few registered firms actually bid (4% vs typical 9%); Few bids (1 vs typical 2),1,0.04,0.9785997840543296,,0.0,0.12,1,1,549999450.0
133,10031791000,Seleksi (consultant),Bengkulu,Dinas Pekerjaan Umum dan Tata Ruang,Pengawasan Ruas Jalan Simpang Air Muring - Suka Makmur,CV. UTAKA ESSA KONSULTAN,367794060.0,1,0.5933247773006627,0.9573590096286108,True,Many bidders disqualified (11% vs typical 0%); Same firm keeps winning in this work unit (6 wins vs typical 2); Winning bid close to the owner's estimate (97.6% of estimate vs typical 97.0%),2,0.1111111111111111,0.9756762994371864,,0.1021134490397344,0.1111111111111111,6,1,376963200.0
134,10021529000,Seleksi (consultant),Aceh,Dinas Pekerjaan Umum dan Penataan Ruang,Perencanan DED Ruas Jalan Krueng Mane - Sawang - Batas Bireuen,CV. TESSA ENGINEERING CONSULTANT,991290162.0,1,0.5927176845615532,0.9569005043558,True,Bids unusually close together (1.50% spread vs typical 4.13%); Winning bid close to the owner's estimate (99.2% of estimate vs typical 97.0%); Many bidders disqualified (2% vs typical 0%),4,0.0634920634920634,0.9921893550509342,0.0150084244945598,0.0310777174252256,0.0158730158730158,1,1,999832722.0
135,10089166000,Seleksi (consultant),Lampung,Dinas Bina Marga dan Bina Konstruksi,Appraisal [P],KJPP Muttaqin Bambang Purwanto Rozak Uswatun & Rekan,,1,0.5926832266620851,0.9564419990829894,True,Many bidders disqualified (12% vs typical 0%); Few bids (1 vs typical 2),1,0.125,0.9449411531857708,,0.0,0.125,1,1,793246000.0
136,10086516000,Tender (works and goods),DKI Jakarta,DINAS SUMBER DAYA AIR,Pembangunan Sistem Tata Air Pompa Bulak Cabe (Kelurahan Cilincing) Beserta Kelengkapannya,PT. Pembangunan Perumahan (Persero)  Tbk,137921347204.3,2,0.5925567270551311,0.980142566191446,True,Same firm keeps winning in this work unit (3 wins vs typical 1); Few registered firms actually bid (2% vs typical 13%); Few bids (1 vs typical 3),1,0.0172413793103448,0.9515788672487088,,0.0,0.0344827586206896,3,2,144954062087.34
137,10024438000,Seleksi (consultant),Jawa Barat,Dinas Bina Marga dan Penataan Ruang,Penyusunan FS &amp; DED Jalan Lingkar Utara Kab. Indramayu,PT. GARIS PUTIH SEJAJAR,1594288190.0,2,0.5925476846220268,0.9559834938101788,True,Same firm keeps winning in this work unit (6 wins vs typical 2); Bids unusually close together (1.82% spread vs typical 4.13%); Many bidders disqualified (2% vs typical 0%),4,0.08,0.8411798607080673,0.0181819129528239,0.0,0.02,6,2,1895300000.0
138,10023100000,Seleksi (consultant),Jawa Barat,Dinas Bina Marga dan Penataan Ruang,PW - 04A / 2025 FT - 05 Pengawasan Teknis Jalan dan Jembatan di UPTD Pengelolaan Jalan dan Jembatan Wilayah Pelayanan - IV,PT. Puri Dimensi,812464500.0,1,0.5924091410043985,0.9555249885373682,True,Same firm keeps winning in this work unit (4 wins vs typical 2); Bids unusually close together (1.06% spread vs typical 4.13%); Many bidders disqualified (2% vs typical 0%),4,0.0754716981132075,0.8098073035889527,0.0105866486432976,0.0,0.0188679245283018,4,1,1003281270.0
139,10006195000,Seleksi (consultant),Kalimantan Tengah,RSJ Kalawa Atei,Jasa Konsultansi Kontruksi Pengawas  Pembangunan Gedung Rawat Inap JKN KRIS,CV. UTUS DAMABA CONSULTANT,420784000.0,2,0.592340359209845,0.9550664832645576,True,Many bidders disqualified (10% vs typical 0%); Winning bid close to the owner's estimate (99.9% of estimate vs typical 97.0%); Few bids (1 vs typical 2),1,0.1,0.9987109004739336,,0.0,0.1,1,2,422000000.0
140,10037404000,Seleksi (consultant),Banten,Dinas Pekerjaan Umum dan Penataan Ruang,KEBIJAKAN STRATEGIS DAERAH AIR LIMBAH PROVINSI BANTEN,PT. BIGHI KONSULTAN PRAKASA,753230000.0,2,0.5914010582225055,0.9546079779917468,True,Same firm keeps winning in this work unit (8 wins vs typical 2); Few bids (1 vs typical 2); Few registered firms actually bid (6% vs typical 9%),1,0.0555555555555555,0.9738630490956072,,0.0,0.0,8,2,774000000.0
141,10028854000,Seleksi (consultant),Bali,"Dinas Pendidikan, Kepemudaan dan Olahraga","Jasa Pengawasan Modal Unit Sekolah Baru (USB) SMAN 3 Mengwi, SMAN 2 Kuta Utara, SMAN 3 Negara",CV. JAYA DESAIN,594621228.0,4,0.5909100679260468,0.9541494727189362,True,Same firm keeps winning in this work unit (4 wins vs typical 2); Bids unusually close together (0.23% spread vs typical 4.13%); Winning bid close to the owner's estimate (99.9% of estimate vs typical 97.0%),4,0.2857142857142857,0.9989165833681892,0.0022666032026859,0.0045808506651676,0.0,4,4,595766191.0
142,10076666000,Seleksi (consultant),Kalimantan Tengah,Dinas Pekerjaan Umum dan Penataan Ruang,Perencanaan Review Desain DIR Kewenangan Provinsi (Tahap II),PT.TEMA KARYA MANDIRI,1353260718.0,1,0.5905670508511676,0.9536909674461256,True,Same firm keeps winning in this work unit (11 wins vs typical 2); Winning bid close to the owner's estimate (98.2% of estimate vs typical 97.0%),2,0.1333333333333333,0.982023736551724,,0.2252376313276027,0.0,11,1,1450000000.0
143,10017210000,Seleksi (consultant),Jawa Barat,Sekretariat Dewan Perwakilan Rakyat Daerah,Perencanaan Bangunan Gedung Negara Sederhana - Perbaikan Rumah Dinas,PT Prisma Karya Utama,236503113.0,1,0.5902464122160522,0.953232462173315,True,Many bidders disqualified (6% vs typical 0%); Few registered firms actually bid (2% vs typical 9%); Few bids (1 vs typical 2),1,0.0158730158730158,0.986496180395766,,0.0,0.0634920634920634,2,1,241203000.0
144,10038036000,Tender (works and goods),Bengkulu,UPTKD Kesehatan RSKJ Soeprapto Provinsi Bengkulu,Renovasi Gedung Rawat Inap Kelas III Standar KRIS;,cv.cipta bangun sukses,4752500000.2,2,0.590090417585504,0.979633401221996,True,Winner priced above the cheapest bid (+16.5% vs typical +1.8%); Many bidders disqualified (31% vs typical 4%); Winning bid close to the owner's estimate (99.0% of estimate vs typical 96.0%),11,0.34375,0.9901041667083332,0.0540410489402604,0.1652858117034599,0.3125,1,2,4800000000.0
145,10064259000,Seleksi (consultant),Kalimantan Barat,DINAS PERHUBUNGAN PROVINSI KALIMANTAN BARAT,Review FS ( Aspek Lingkungan) Pembangunan Terminal Tipe B di Bengkayang,PT. TRIAS ERISKO KONSULTAN,354551760.0,2,0.5895961089934857,0.9527739569005044,True,Many bidders disqualified (12% vs typical 0%); Few bids (1 vs typical 2); Winning bid close to the owner's estimate (99.6% of estimate vs typical 97.0%),1,0.0588235294117647,0.9957137481113688,,0.0,0.1176470588235294,1,2,356078000.0
146,10025305000,Tender (works and goods),Kalimantan Timur,"Dinas Pekerjaan Umum, Penataan Ruang dan Perumahan Rakyat",Pembangunan Fender Jembatan Sambaliung 1,PT ENERGI CAHAYA ALAM,34867255000.0,2,0.58953226143611,0.979124236252546,True,Winner priced above the cheapest bid (+21.3% vs typical +1.8%); Same firm keeps winning in this work unit (2 wins vs typical 1); Winning bid close to the owner's estimate (99.7% of estimate vs typical 96.0%),3,0.0714285714285714,0.9971434554289303,0.1053833648200361,0.2125694322520293,0.0476190476190476,2,2,34999979000.0
147,10093509000,Tender (works and goods),Sumatera Selatan,Dinas Pengelolaan Sumber Daya Air,Normalisasi Anak Sungai Ogan Desa Arisan Jaya Kec. Pemulutan Barat,CV. AL-BAASITH,1389935000.0,2,0.5893617472891707,0.9786150712830958,True,Winner priced above the cheapest bid (+55.1% vs typical +1.8%); Many bidders disqualified (12% vs typical 4%); Winning bid close to the owner's estimate (99.4% of estimate vs typical 96.0%),2,0.25,0.9940007045857144,,0.5509760894957769,0.125,1,2,1400000000.0
148,10039164000,Seleksi (consultant),Kalimantan Timur,"Dinas Pekerjaan Umum, Penataan Ruang dan Perumahan Rakyat",Pengawasan Teknis Pembangunan Jalan Long Bagun - Long Boh (Batas Kaltara) (Pergeseran),CV. KHALID PRIMA SAKTI,567044832.0,1,0.589000882008907,0.9523154516276936,True,Many bidders disqualified (12% vs typical 0%); Same firm keeps winning in this work unit (3 wins vs typical 2); Winning bid close to the owner's estimate (97.7% of estimate vs typical 97.0%),2,0.0833333333333333,0.9774332740962518,,0.0081902312447652,0.125,3,1,580136616.0
149,10028857000,Seleksi (consultant),Bali,"Dinas Pendidikan, Kepemudaan dan Olahraga","Jasa Pengawasan Modal Unit Sekolah Baru (USB) SMAN 11 Denpasar, SMAN 12 Denpasar, SMAN 3 Kuta Selatan",CV. JAYA DESAIN,594621228.0,4,0.588950895126491,0.951856946354883,True,Same firm keeps winning in this work unit (4 wins vs typical 2); Bids unusually close together (0.24% spread vs typical 4.13%); Winning bid close to the owner's estimate (99.8% of estimate vs typical 97.0%),4,0.25,0.9983585567389236,0.0023933277015479,0.0045808506651676,0.0,4,4,596099191.0
150,10074752000,Tender (works and goods),Maluku,DINAS PEKERJAAN UMUM DAN PENATAAN RUANG,Pembangunan Jalan Lapen Rumah Tiga Kota Ambon,CV. RITIMASE MANDIRI,935700000.0,2,0.5887259886819761,0.9781059063136456,True,Same firm keeps winning in this work unit (4 wins vs typical 1); Winner priced above the cheapest bid (+9.4% vs typical +1.8%); Many bidders disqualified (12% vs typical 4%),2,0.25,0.9849473684210528,,0.0944943843098855,0.125,4,2,950000000.0
151,10028856000,Seleksi (consultant),Bali,"Dinas Pendidikan, Kepemudaan dan Olahraga",Jasa Pengawasan Modal Unit Sekolah Baru (USB) SMAN 2 Gianyar dan SMAN 2 Sukawati,CV. JAYA DESAIN,394038900.0,3,0.5881619065287291,0.9513984410820724,True,Same firm keeps winning in this work unit (4 wins vs typical 2); Bids unusually close together (0.26% spread vs typical 4.13%); Winning bid close to the owner's estimate (99.9% of estimate vs typical 97.0%),5,0.3571428571428571,0.9987081306479082,0.0025957476477631,0.0060507653061223,0.0,4,3,394882036.0
152,10014315000,Seleksi (consultant),Jawa Barat,Dinas Bina Marga dan Penataan Ruang,PEMBUATAN LEGER JALAN DI UPTD PENGELOLAAN JALAN DAN JEMBATAN WILAYAH PELAYANAN V,PT. MATRA CIPTARIPTA CONSULT,974286405.0,2,0.5879202355727977,0.9509399358092618,True,Bids unusually close together (0.50% spread vs typical 4.13%); Winning bid close to the owner's estimate (99.8% of estimate vs typical 97.0%); Few registered firms actually bid (7% vs typical 9%),4,0.0666666666666666,0.997802377140448,0.0050377268204436,0.0096313114070725,0.0,1,2,976432234.8
153,10018241000,Seleksi (consultant),Kalimantan Timur,"Dinas Pekerjaan Umum, Penataan Ruang dan Perumahan Rakyat",Pengawasan (Supervisi) Pembangunan Gedung Kantor PWNU Samarinda,CV. DUTA PONTANA,873957612.0,1,0.5878916822668042,0.9504814305364512,True,Many bidders disqualified (8% vs typical 0%); Same firm keeps winning in this work unit (4 wins vs typical 2); Few registered firms actually bid (3% vs typical 9%),2,0.0338983050847457,0.7819085838118973,,0.0,0.0847457627118644,4,1,922900000.0
154,10032064000,Seleksi (consultant),Banten,Dinas Pendidikan dan Kebudayaan,Jasa Konsultansi Pengawasan Konstruksi SMA Wilayah Kota Tangerang Selatan,PT.PARINDO RAYA ENGINEERING,197358000.0,2,0.5869284856903225,0.9500229252636404,True,Many bidders disqualified (5% vs typical 0%); Same firm keeps winning in this work unit (4 wins vs typical 2); Few registered firms actually bid (3% vs typical 9%),1,0.0256410256410256,0.986832063716716,,0.0,0.0512820512820512,4,2,199991475.0
155,10030791000,Tender (works and goods),Kalimantan Selatan,DINAS PEKERJAAN UMUM DAN PENATAAN RUANG,Rehabilitasi Asrama Mahasiswa Kalsel Lambung Mangkurat di Yogyakarta,CV. KHARISMA JAYA,518286997.06,2,0.5867008923585425,0.9775967413441956,True,Winner priced above the cheapest bid (+18.3% vs typical +1.8%); Same firm keeps winning in this work unit (3 wins vs typical 1); Few registered firms actually bid (4% vs typical 13%),2,0.0434782608695652,0.9463828513865364,,0.1829785642224162,0.0217391304347826,3,2,549999927.87
156,10075859000,Tender (works and goods),Maluku,DINAS PEKERJAAN UMUM DAN PENATAAN RUANG,Pembangunan Gedung (Aula) Pertemuan Ibadah Gereja Desa Lauran Kab. Tanimbar Selatan,CV. RALMIDA JAYA,,2,0.5856888816668867,0.9770875763747454,True,Bids unusually close together (1.92% spread vs typical 5.40%); Same firm keeps winning in this work unit (3 wins vs typical 1); Many bidders disqualified (11% vs typical 4%),3,0.3333333333333333,0.9795930634421052,0.0191630199188542,0.0390747070977053,0.1111111111111111,3,2,950000000.0
157,10069501000,Tender (works and goods),Sulawesi Selatan,DINAS BINA MARGA DAN BINA KONSTRUKSI,Penanganan Preservasi Jalan Paket 2,"PT. Jaya Konstruksi Manggala Pratama, Tbk",,1,0.5823921035532351,0.9765784114052952,True,Bids unusually close together (2.36% spread vs typical 5.40%); Winner priced above the cheapest bid (+4.8% vs typical +1.8%); Few registered firms actually bid (5% vs typical 13%),3,0.0476190476190476,0.9886184452237772,0.0235515616672148,0.0479210836478121,0.0634920634920634,1,1,278030557014.12
158,10061015000,Tender (works and goods),Maluku,DINAS KEHUTANAN,Bahan Pembuatan Tanaman Hutan Rakyat Kabupaten Buru,CV. HIJAU BIRU ALAMKU,743900250.0,2,0.5822897431507197,0.9760692464358453,True,Bids unusually close together (0.76% spread vs typical 5.40%); Same firm keeps winning in this work unit (2 wins vs typical 1); Winning bid close to the owner's estimate (98.7% of estimate vs typical 96.0%),3,0.3,0.9870758457135024,0.0076079194453182,0.0083227260569773,0.0,2,2,753640415.0
159,52767127,Tender (works and goods),DKI Jakarta,DINAS SUMBER DAYA AIR,Pekerjaan Konstruksi Jaringan Pipa Air Limbah Jakarta Sewerage Development Project Zone 1 Paket 6 (Area 2-2),PT ADHI KARYA (Persero) Tbk,620772529712.03,1,0.5822636300021108,0.9755600814663952,True,Bids unusually close together (2.49% spread vs typical 5.40%); Same firm keeps winning in this work unit (3 wins vs typical 1); Few registered firms actually bid (4% vs typical 13%),5,0.0434782608695652,0.9393326444311207,0.0249414888746412,0.0,0.0,3,1,660865491466.0
160,10075744000,Tender (works and goods),Sumatera Selatan,Dinas Pendidikan,Pembangunan Ruang Kelas Baru SMAN 1 Madang Suku I Kab. OKU Timur,CV.INTI NUSA,,2,0.5821020154889314,0.975050916496945,True,Many bidders disqualified (20% vs typical 4%); Same firm keeps winning in this work unit (2 wins vs typical 1); Winner priced above the cheapest bid (+4.1% vs typical +1.8%),2,0.4,0.9990594043362236,,0.041407785064887,0.2,2,2,569133561.44
161,10065368000,Tender (works and goods),DKI Jakarta,DINAS SUMBER DAYA AIR,Pembangunan Sistem Tata Air Waduk/ Embung Kebagusan dan Cilandak Pondok Labu Beserta Kelengkapannya,PT. Pembangunan Perumahan (Persero)  Tbk,,1,0.5803490216567869,0.9745417515274948,True,Same firm keeps winning in this work unit (3 wins vs typical 1); Few registered firms actually bid (5% vs typical 13%); Many bidders disqualified (9% vs typical 4%),2,0.0454545454545454,0.9631601720754754,,0.0,0.0909090909090909,3,1,132104400104.98
162,10065336000,Tender (works and goods),DKI Jakarta,DINAS SUMBER DAYA AIR,"Pembangunan Sistem Tata Air Pompa Daan Mogot (DEPAG, KM 13, KM 13A, KM 13B) Beserta Kelengkapannya",PT BRANTAS ABIPRAYA (Persero),162455084796.2,1,0.5800511328138567,0.9740325865580448,True,Same firm keeps winning in this work unit (4 wins vs typical 1); Few registered firms actually bid (4% vs typical 13%); Winning bid close to the owner's estimate (98.9% of estimate vs typical 96.0%),2,0.0392156862745098,0.9889940920349424,,0.0,0.0392156862745098,4,1,164262947680.44
163,10057077000,Tender (works and goods),Maluku,DINAS PEKERJAAN UMUM DAN PENATAAN RUANG,Pembangunan Talud Pengaman Pantai Desa Wakasihu,CV.CANARI GROUP,987901000.0,1,0.5786217087055758,0.9735234215885948,True,Winner priced above the cheapest bid (+23.5% vs typical +1.8%); Many bidders disqualified (21% vs typical 4%); Same firm keeps winning in this work unit (2 wins vs typical 1),5,0.2631578947368421,0.98790119326,0.0754383716519875,0.2349410016975186,0.2105263157894736,2,1,1000000000.0
164,10014816000,Tender (works and goods),DKI Jakarta,DINAS PERHUBUNGAN,",Pemenuhan Fasilitas Kepelabuhanan di Pelabuhan Muara Angke (Fisik)",PT. PP   URBAN,97637842338.0,2,0.5780862425778537,0.9730142566191446,True,Winner priced above the cheapest bid (+24.5% vs typical +1.8%); Few registered firms actually bid (5% vs typical 13%); Winning bid close to the owner's estimate (99.6% of estimate vs typical 96.0%),6,0.0508474576271186,0.9958930837281144,0.1027212671815184,0.2448663546601115,0.0333333333333333,1,2,98935319071.76
165,10086544000,Tender (works and goods),Banten,Dinas Pendidikan dan Kebudayaan,",Pembangunan Unit Sekolah Baru SMKN 12 Kota Tangerang",CV.PUTRA INDAH KREDIBEL,8844467341.69,2,0.5777370538115154,0.9725050916496945,True,Bids unusually close together (2.03% spread vs typical 5.40%); Winner priced above the cheapest bid (+4.9% vs typical +1.8%); Few registered firms actually bid (7% vs typical 13%),4,0.0666666666666666,0.9948782161642296,0.0202720166621446,0.0493299853669375,0.0333333333333333,1,2,8890000000.0
166,10052841000,Tender (works and goods),Maluku,DINAS PEKERJAAN UMUM DAN PENATAAN RUANG,Pemeliharaan Berkala Ruas Jalan Morela - Liang Kab. Maluku Tengah,CV. JULIEN,1461000000.0,1,0.577570256870821,0.9719959266802444,True,Bids unusually close together (1.92% spread vs typical 5.40%); Many bidders disqualified (22% vs typical 4%); Winner priced above the cheapest bid (+4.0% vs typical +1.8%),4,0.4444444444444444,0.9879401323933332,0.0192499875486928,0.0399369814666665,0.2222222222222222,1,1,1500000000.0
167,10054989000,Tender (works and goods),Banten,Dinas Perumahan Rakyat dan Kawasan Permukiman,Perbaikan Rumah Tidak Layak Huni Desa Cimangeunteung Kec. Rangkasbitung Kab. Lebak,CV LASEBA,2831676153.0,3,0.5766974432777492,0.9714867617107944,True,Bids unusually close together (2.39% spread vs typical 5.40%); Same firm keeps winning in this work unit (2 wins vs typical 1); Winner priced above the cheapest bid (+4.9% vs typical +1.8%),3,0.12,0.9936262746421052,0.0239444081443914,0.0488277343444445,0.08,2,3,2850000000.0
168,10068283000,Tender (works and goods),DI Yogyakarta,RUMAH SAKIT JIWA GRHASIA,Belanja modal mebel (Pengadaan Interior Gedung Psikiatri Terpadu),CV. SUMBER BARU FURNITURE,1385531164.0,1,0.5766591264072074,0.9709775967413442,True,Winner priced above the cheapest bid (+307444795.0% vs typical +1.8%); Many bidders disqualified (7% vs typical 4%); Few registered firms actually bid (11% vs typical 13%),6,0.1052631578947368,0.8005183798638369,0.4959820275280269,3074447.9504282605,0.0701754385964912,1,1,1730792445.06
169,10048136000,Tender (works and goods),Maluku Utara,Dinas Pekerjaan Umum dan Tata Ruang,Pembangunan Jembatan Ruas Labuha - Sawaday,CV Modern Maju Membangun,8648939865.75,2,0.5763477757844472,0.970468431771894,True,Bids unusually close together (2.45% spread vs typical 5.40%); Same firm keeps winning in this work unit (3 wins vs typical 1); Winner priced above the cheapest bid (+4.6% vs typical +1.8%),3,0.125,0.976855869485742,0.0244580059422738,0.0459266388927361,0.0833333333333333,3,2,8854939884.38
170,10050766000,Tender (works and goods),Sumatera Selatan,Dinas Perumahan dan Kawasan Permukiman,Pelaksanaan Pemugaran Permukiman Kumuh Desa Tanah Abang Selatan Kec. Tanah Abang Kab. PALI,CV MARTEL BERSAMA GEMILANG,467443408.49,3,0.5748496514764235,0.969959266802444,True,Same firm keeps winning in this work unit (5 wins vs typical 1); Winning bid close to the owner's estimate (99.6% of estimate vs typical 96.0%); Few bids (1 vs typical 3),1,0.3333333333333333,0.9963029137981748,,0.0,0.0,5,3,469178000.0
171,10021970000,Tender (works and goods),Kalimantan Timur,"Dinas Pekerjaan Umum, Penataan Ruang dan Perumahan Rakyat",Pembangunan Graha Masjid Jami Al-Maruf,PT. ZEIN ANUGERAH PERKASA,2375000000.0,1,0.5743962665328156,0.9694501018329938,True,Same firm keeps winning in this work unit (4 wins vs typical 1); Few registered firms actually bid (6% vs typical 13%); Bids unusually close together (4.84% spread vs typical 5.40%),3,0.0555555555555555,0.8455384584712451,0.0483839241138706,0.0,0.0185185185185185,4,1,2808861000.0
172,10061089000,Tender (works and goods),Banten,Dinas Pendidikan dan Kebudayaan,Rehabilitasi Ruang SMAN CMBBS,CV. CIPTA NAYRA,2038515000.0,1,0.5738961998907831,0.9689409368635438,True,Winner priced above the cheapest bid (+367215.0% vs typical +1.8%); Few registered firms actually bid (9% vs typical 13%); Winning bid close to the owner's estimate (97.9% of estimate vs typical 96.0%),7,0.0921052631578947,0.9793767454572516,0.4418529847429801,3672.150189801802,0.0526315789473684,1,1,2081526200.0
173,10070584000,Tender (works and goods),Jambi,Dinas Pekerjaan Umum dan Perumahan Rakyat,Pembangunan Saluran Drainase Jalan Padang Lamo - Bts Sumbar,CV. HADHI JAYA,1467606000.0,2,0.5725254541775298,0.9684317718940936,True,Winner priced above the cheapest bid (+10.9% vs typical +1.8%); Bids unusually close together (3.42% spread vs typical 5.40%); Same firm keeps winning in this work unit (2 wins vs typical 1),9,0.2727272727272727,0.9970148827164156,0.0341518684342384,0.1091320161196918,0.0909090909090909,2,2,1499370100.0
174,10027490000,Tender (works and goods),Kalimantan Selatan,DINAS PEKERJAAN UMUM DAN PENATAAN RUANG,Rehabilitasi Asrama Mahasiswa Kalsel di Semarang,CV. KHARISMA JAYA,622742022.25,1,0.5722417087255065,0.9679226069246436,True,Bids unusually close together (2.10% spread vs typical 5.40%); Same firm keeps winning in this work unit (3 wins vs typical 1); Few registered firms actually bid (8% vs typical 13%),3,0.081081081081081,0.903761184585362,0.0209523072400581,0.0,0.054054054054054,3,1,699998673.09
175,10045495000,Tender (works and goods),Kepulauan Riau,"Dinas Pekerjaan Umum, Penataan Ruang dan Pertanahan",Pengembangan Jaringan Perpipaan di Kawasan LANUDAL Tanjungpinang,PT. EKA BALINGGA,1344181844.2,1,0.5720396076998902,0.9674134419551936,True,Bids unusually close together (2.51% spread vs typical 5.40%); Many bidders disqualified (20% vs typical 4%); Winner priced above the cheapest bid (+6.8% vs typical +1.8%),5,0.25,0.9809655121483908,0.0251273724959454,0.0676846437054448,0.2,2,1,1372177188.25
176,10089789000,Tender (works and goods),Maluku,DINAS PENDIDIKAN DAN KEBUDAYAAN,Rehabilitasi Ruang Kelas Beserta Perabot pada SLB Negeri Namrole,CV. EULOGIA,595413000.0,2,0.5716806141559581,0.9669042769857432,True,Winner priced above the cheapest bid (+19.1% vs typical +1.8%); Many bidders disqualified (25% vs typical 4%); Winning bid close to the owner's estimate (99.2% of estimate vs typical 96.0%),6,0.3,0.992378988843073,0.0662647810559506,0.190827,0.25,1,2,599986000.0
177,10025631000,Tender (works and goods),Kalimantan Timur,Dinas Pendidikan dan Kebudayaan,Pembangunan Ruang Kelas Baru (RKB) SMKN 1 Kongbeng,Devzai Bersaudara,4026028000.0,2,0.5708552528701059,0.9663951120162932,True,Bids unusually close together (2.72% spread vs typical 5.40%); Same firm keeps winning in this work unit (4 wins vs typical 1); Many bidders disqualified (9% vs typical 4%),9,0.1666666666666666,0.8,0.0272406132749117,0.0125763530448237,0.0925925925925925,4,2,5032535000.0
178,52764127,Tender (works and goods),DKI Jakarta,DINAS SUMBER DAYA AIR,Pekerjaan Konstruksi Jaringan Pipa Air Limbah Jakarta Sewerage Development Project Zone 1 Paket 5 (Area 2-1),PT. NINDYA KARYA (Persero),787168020000.0,1,0.5694236386133971,0.9658859470468432,True,Same firm keeps winning in this work unit (4 wins vs typical 1); Few registered firms actually bid (4% vs typical 13%),5,0.0423728813559322,0.8670216079274038,0.0574136113692648,0.0,0.0,4,1,907898964458.0
179,10066780000,Tender (works and goods),Kalimantan Barat,DINAS PEKERJAAN UMUM DAN PENATAAN RUANG PROVINSI KALIMANTAN BARAT,REHABILITASI JEMBATAN PROVINSI KALIMANTAN BARAT (TERSEBAR),Matnor Konstruksi Supervisi Indonesia,,1,0.5691891307959062,0.9653767820773932,True,Winner priced above the cheapest bid (+23.7% vs typical +1.8%); Few registered firms actually bid (3% vs typical 13%); Winning bid close to the owner's estimate (99.0% of estimate vs typical 96.0%),2,0.0344827586206896,0.9899614759605674,,0.2374518449507092,0.0172413793103448,1,1,4999910000.0
180,10078663000,Tender (works and goods),Kepulauan Riau,Dinas Perhubungan,PENGADAAN DAN PEMASANGAN DERMAGA APUNG HDPE PELABUHAN JAGOH KABUPATEN LINGGA,CV. PULAU TENGGEL,2734581135.73,1,0.5687507666334083,0.964867617107943,True,Bids unusually close together (1.20% spread vs typical 5.40%); Many bidders disqualified (17% vs typical 4%); Winning bid close to the owner's estimate (98.6% of estimate vs typical 96.0%),4,0.2222222222222222,0.9861522415276612,0.0119540997669465,0.0287153273857663,0.1666666666666666,1,1,2772980702.74
181,10026772000,Tender (works and goods),Sumatera Utara,Dinas Pekerjaan Umum dan Penataan Ruang,Pembangunan Gedung Kejatisu,PT PERMATA ANUGERAH YALAPERSADA,,2,0.5679154883405975,0.9643584521384928,True,Bids unusually close together (2.32% spread vs typical 5.40%); Winner priced above the cheapest bid (+5.2% vs typical +1.8%); Winning bid close to the owner's estimate (99.4% of estimate vs typical 96.0%),4,0.0769230769230769,0.9939113522206056,0.0232176559373513,0.0519360914446735,0.0576923076923076,1,2,96312597942.45
182,10056814000,Tender (works and goods),Sumatera Selatan,Dinas Pekerjaan Umum Bina Marga dan Tata Ruang,Rehabilitasi Jalan Akses Menuju Kebun Raya Sriwijaya - Sp. Lorok,CV. MAWAR,4933365904.46,3,0.5670863179965748,0.9638492871690428,True,Same firm keeps winning in this work unit (5 wins vs typical 1); Few bids (1 vs typical 3); Winning bid close to the owner's estimate (98.7% of estimate vs typical 96.0%),1,0.25,0.9866830477224772,,0.0,0.0,5,3,4999950000.0
183,10055562000,Tender (works and goods),Lampung,Rumah Sakit Umum Daerah dr. Abdul Moeloek,Pembangunan gedung Forensik,CV. MANDIRI BERLIAN,10845833540.51,2,0.5666930391986342,0.9633401221995926,True,Bids unusually close together (2.50% spread vs typical 5.40%); Winner priced above the cheapest bid (+4.8% vs typical +1.8%); Winning bid close to the owner's estimate (99.5% of estimate vs typical 96.0%),3,0.0789473684210526,0.9949607978341698,0.0249681166193973,0.0484892620061163,0.0526315789473684,1,2,10999988104.44
184,10047477000,Tender (works and goods),Sumatera Selatan,Dinas Pekerjaan Umum Bina Marga dan Tata Ruang,Rehabilitasi Jalan Sp. Opi - Babatan Saudagar - Srijabo,CV. MAWAR,2467970000.0,2,0.5664323920331612,0.9628309572301426,True,Same firm keeps winning in this work unit (5 wins vs typical 1); Few bids (1 vs typical 3); Winning bid close to the owner's estimate (98.7% of estimate vs typical 96.0%),1,0.3333333333333333,0.987194840740917,,0.0,0.0,5,2,2499983000.0
185,10050293000,Tender (works and goods),Sumatera Selatan,Dinas Perumahan dan Kawasan Permukiman,Pelaksanaan Peremajaan Permukiman Kumuh Desa Seleman Ilir Kec. Muara Pinang Kab. Empat Lawang,CV MARTEL BERSAMA GEMILANG,459256416.76,3,0.5659288530345716,0.9623217922606924,True,Same firm keeps winning in this work unit (5 wins vs typical 1); Winning bid close to the owner's estimate (99.5% of estimate vs typical 96.0%); Few bids (1 vs typical 3),1,0.5,0.9950242263835356,,0.0,0.0,5,3,461553000.0
186,10044963000,Tender (works and goods),Sumatera Selatan,Dinas Pekerjaan Umum Bina Marga dan Tata Ruang,Rehabilitasi Jalan Lembak - Bts. Kab. Ogan Ilir,CV. MAWAR,3457532528.3,2,0.5652732701611614,0.9618126272912424,True,Same firm keeps winning in this work unit (5 wins vs typical 1); Few bids (1 vs typical 3); Winning bid close to the owner's estimate (98.8% of estimate vs typical 96.0%),1,0.25,0.9881042937971428,,0.0,0.0,5,2,3500000000.0
187,10061984000,Tender (works and goods),Lampung,Rumah Sakit Jiwa,Rehab Gedung Psikologi,Affika Karya Mandiri,1300000000.0,1,0.5641563308313116,0.9613034623217924,True,Bids unusually close together (1.15% spread vs typical 5.40%); Many bidders disqualified (14% vs typical 4%); Winning bid close to the owner's estimate (98.8% of estimate vs typical 96.0%),3,0.2142857142857142,0.9879359595077892,0.0115357257406713,0.0184974180424657,0.1428571428571428,1,1,1316309137.08
188,10024666000,Tender (works and goods),Kalimantan Timur,Dinas Pendidikan dan Kebudayaan,Pembangunan Ruang Kelas Baru (RKB) SMKN 1 Marang Kayu,CV. SUMBER LUMINTU,3843592575.24,1,0.5635153920794347,0.960794297352342,True,Same firm keeps winning in this work unit (4 wins vs typical 1); Bids unusually close together (3.00% spread vs typical 5.40%),13,0.1780821917808219,0.7639874463875007,0.0299522689815442,0.0,0.0,4,1,5030963000.0
189,10078635000,Tender (works and goods),Kepulauan Riau,Dinas Perhubungan,REHABILITASI DERMAGA APUNG HDPE PELABUHAN TANJUNG BUTON KABUPATEN LINGGA,CV. Nirwana Jaya,704254145.82,2,0.5631262202860687,0.960285132382892,True,Bids unusually close together (0.86% spread vs typical 5.40%); Many bidders disqualified (17% vs typical 4%); Winning bid close to the owner's estimate (97.9% of estimate vs typical 96.0%),3,0.25,0.9791168974927908,0.0086353598823664,0.0079196490241357,0.1666666666666666,1,2,719274835.95
190,10014286000,Tender (works and goods),Bali,Dinas Kesehatan,Belanja Modal Pembangunan Gudang Obat Expired,PT. Cahya Pramana Artha,610118500.0,0,0.5629262115260751,0.959775967413442,True,Bids unusually close together (1.26% spread vs typical 5.40%); Few registered firms actually bid (3% vs typical 13%),3,0.027027027027027,0.7826983284486804,0.0125777706716907,0.0,0.018018018018018,1,0,779994000.0
191,10030814000,Tender (works and goods),Kalimantan Timur,"Dinas Pekerjaan Umum, Penataan Ruang dan Perumahan Rakyat",Pembangunan Masjid Raden Ibrahimy Poros  Samarinda-Bontang,PT. ZEIN ANUGERAH PERKASA,1157470420.0,2,0.562451409855006,0.959266802443992,True,Same firm keeps winning in this work unit (4 wins vs typical 1); Winner priced above the cheapest bid (+12.4% vs typical +1.8%); Few registered firms actually bid (8% vs typical 13%),3,0.0789473684210526,0.8994162161311604,0.058478230649673,0.1242702701639504,0.0526315789473684,4,2,1286913000.0
192,10099528000,Tender (works and goods),Sulawesi Selatan,"DINAS SUMBER DAYA AIR, CIPTA KARYA DAN TATA RUANG","Rehabilitasi Daerah Irigasi Kab.Pangkep, Barru, Sidrap, Pinrang Paket - 3",PT. Adi Jaya lima Pradana,,0,0.5624178124109893,0.9587576374745418,True,Few registered firms actually bid (2% vs typical 13%); Same firm keeps winning in this work unit (2 wins vs typical 1); Many bidders disqualified (8% vs typical 4%),2,0.0198019801980198,0.8560000000005716,,0.0,0.0792079207920792,2,0,104956926000.0
193,10018891000,Tender (works and goods),Kalimantan Tengah,Dinas Pekerjaan Umum dan Penataan Ruang,Pembangunan/Peningkatan Drainase Jalan Yos Sudarso dan Sekitarnya di Kota Palangka Raya,CV.MAS SEJATI,8996600000.0,2,0.5622600961891413,0.9582484725050916,True,Winner priced above the cheapest bid (+24.4% vs typical +1.8%); Same firm keeps winning in this work unit (2 wins vs typical 1); Many bidders disqualified (10% vs typical 4%),4,0.1333333333333333,0.9955753965663716,0.1014439593342615,0.2444692457079644,0.1,2,2,9040000000.0
194,10057013000,Tender (works and goods),Sumatera Selatan,Dinas Pekerjaan Umum Bina Marga dan Tata Ruang,Rehabilitasi Jalan Sp. Tambang Rambang - Bts. Kab. OKU,CV. MAWAR,11841162583.96,2,0.5620660925914188,0.9577393075356416,True,Same firm keeps winning in this work unit (5 wins vs typical 1); Winning bid close to the owner's estimate (98.7% of estimate vs typical 96.0%); Few bids (2 vs typical 3),2,0.3333333333333333,0.9868042486633332,,0.0081537159283264,0.0,5,2,12000000000.0
195,10082488000,Tender (works and goods),Aceh,Dinas Pekerjaan Umum dan Penataan Ruang,Peningkatan Jalan  Sp.Tiga  Redelong- Pondok  Baru - Samar Kilang,cv lakara aditama,,2,0.5619951078461641,0.9572301425661914,True,Bids unusually close together (0.67% spread vs typical 5.40%); Winning bid close to the owner's estimate (99.0% of estimate vs typical 96.0%); Many bidders disqualified (5% vs typical 4%),3,0.1428571428571428,0.9898640511364052,0.006669939020633,0.0100869020152472,0.0476190476190476,1,2,999999900.0
196,10050846000,Tender (works and goods),Sumatera Selatan,Dinas Perumahan dan Kawasan Permukiman,Pelaksanaan Peremajaan Permukiman Kumuh di Babat I Desa Babat Kec. Penukal Kab. PALI,CV MARTEL BERSAMA GEMILANG,545137678.86,3,0.561435676375992,0.9567209775967414,True,Same firm keeps winning in this work unit (5 wins vs typical 1); Winning bid close to the owner's estimate (99.4% of estimate vs typical 96.0%); Few bids (1 vs typical 3),1,0.5,0.9940058875142452,,0.0,0.0,5,3,548425000.0
197,10086485000,Tender (works and goods),DKI Jakarta,DINAS SUMBER DAYA AIR,Pembangunan Sistem Tata Air Pompa Ancol Beserta Kelengkapannya,"PT. Jaya Konstruksi Manggala Pratama, Tbk",194486920316.97,1,0.5612733167911942,0.9562118126272912,True,Few registered firms actually bid (2% vs typical 13%); Same firm keeps winning in this work unit (2 wins vs typical 1); Few bids (1 vs typical 3),1,0.0175438596491228,0.9619087995150676,,0.0,0.0350877192982456,2,1,202193716717.24
198,10025838000,Tender (works and goods),DKI Jakarta,SUKU DINAS SUMBER DAYA AIR KABUPATEN ADMINISTRASI KEPULAUAN SERIBU,Pembangunan Tanggul dan Breakwater di Kepulauan Seribu,PT.PITACO MITRA PERKASA,79293936066.0,2,0.561047910955436,0.9557026476578412,True,Bids unusually close together (0.65% spread vs typical 5.40%); Few registered firms actually bid (4% vs typical 13%),3,0.0410958904109589,0.9008276367023114,0.0064534091561615,0.0020329571601642,0.0136986301369863,1,2,91582448553.0
199,10055478000,Tender (works and goods),Maluku,DINAS PEKERJAAN UMUM DAN PENATAAN RUANG,Pembangunan SPAM di Ohoi Ohoiluk Kab. Maluku Tenggara,CV.CONSTANT,460600000.0,1,0.5610015652550128,0.955193482688391,True,Bids unusually close together (2.21% spread vs typical 5.40%); Many bidders disqualified (17% vs typical 4%); Same firm keeps winning in this work unit (2 wins vs typical 1),4,0.2222222222222222,0.98,0.0220718672121083,0.052302456173408,0.1666666666666666,2,1,470000000.0
200,10013536000,Tender (works and goods),Kalimantan Selatan,DINAS PEKERJAAN UMUM DAN PENATAAN RUANG,Pembangunan Jembatan Pulau Kalimantan - Pulau Laut Kabupaten Tanah Bumbu,PT. Pembangunan Perumahan (Persero)  Tbk,290014579000.0,0,0.5603312193648015,0.9546843177189408,True,Many bidders disqualified (15% vs typical 4%); Few registered firms actually bid (4% vs typical 13%); Few bids (2 vs typical 3),2,0.037037037037037,0.9690002178699488,,0.0,0.1454545454545454,1,0,299292584000.0
201,10077154000,Tender (works and goods),Banten,Dinas Pekerjaan Umum dan Penataan Ruang,Pembangunan Konektivitas Ruas Jalan Desa Kemuning - Malanggah,PUTRA UTAMA BAJABIR,2329529000.0,2,0.5600852663255725,0.9541751527494908,True,Bids unusually close together (3.66% spread vs typical 5.40%); Same firm keeps winning in this work unit (3 wins vs typical 1); Winner priced above the cheapest bid (+7.5% vs typical +1.8%),3,0.1034482758620689,0.9706430287272128,0.0366453426567538,0.0745381131852542,0.0689655172413793,3,2,2399985700.0
202,10050732000,Tender (works and goods),Sumatera Selatan,Dinas Perumahan dan Kawasan Permukiman,Pelaksanaan Peremajaan Permukiman Kumuh di Kel. Pasar Baru Kec. Lahat Kab. Lahat,CV MARTEL BERSAMA GEMILANG,671375815.49,3,0.5597153824417673,0.9536659877800407,True,Same firm keeps winning in this work unit (5 wins vs typical 1); Winning bid close to the owner's estimate (99.2% of estimate vs typical 96.0%); Few bids (1 vs typical 3),1,0.1666666666666666,0.9923246645685896,,0.0,0.0,5,3,677128000.0
203,10078751000,Tender (works and goods),Sumatera Selatan,Dinas Perumahan dan Kawasan Permukiman,Pelaksanaan Pemugaran Permukiman Kumuh Kel. Handayani Mulya Kec. Talang Ubi Kab. PALI,CV MARTEL BERSAMA GEMILANG,418631000.0,3,0.5593664488966497,0.9531568228105908,True,Same firm keeps winning in this work unit (5 wins vs typical 1); Few bids (1 vs typical 3); Winning bid close to the owner's estimate (99.2% of estimate vs typical 96.0%),1,0.5,0.9917662107712024,,0.0,0.0,5,3,422107000.0
204,10061088000,Tender (works and goods),Banten,Dinas Pendidikan dan Kebudayaan,Pembangunan dan Rehabilitasi SMAN Wil. Kab. Pandeglang,CV RNB,2870793000.0,1,0.558405379212395,0.9526476578411406,True,Bids unusually close together (0.75% spread vs typical 5.40%); Many bidders disqualified (8% vs typical 4%); Winning bid close to the owner's estimate (97.6% of estimate vs typical 96.0%),4,0.1081081081081081,0.9763647954321576,0.0075135575098492,0.0,0.081081081081081,1,1,2940907000.0
205,10082408000,Tender (works and goods),DI Yogyakarta,BALAI PELATIHAN KESEHATAN,Belanja Modal Gedung dan Bangunan Bapelkes (SILPA),CV. WARDANA PUTRA SEJAHTERA,777900000.0,1,0.5580401844889794,0.9521384928716904,True,Winner priced above the cheapest bid (+103.5% vs typical +1.8%); Many bidders disqualified (25% vs typical 4%),28,0.2772277227722772,0.7705018291543076,0.1177239527571048,1.035304553279112,0.2475247524752475,1,1,997206453.44
206,10080211000,Tender (works and goods),Banten,Dinas Pekerjaan Umum dan Penataan Ruang,Rehabilitasi Ruas Jalan Desa Sindang Asih - Desa Badak Anom - Desa Daon Kecamatan Sindangjaya,PUTRA UTAMA BAJABIR,5732815000.0,2,0.5577824108177001,0.9516293279022404,True,Same firm keeps winning in this work unit (3 wins vs typical 1); Few registered firms actually bid (5% vs typical 13%); Few bids (1 vs typical 3),1,0.05,0.9486057006083888,,0.0,0.0,3,2,6043997000.0
207,10069766000,Tender (works and goods),Banten,Dinas Perhubungan,Pengadaan dan Pemasangan/Instalasi APJ/LPJU Tiang Double Arm,PT. SANTANA ADI DAYA,1155002868.46,1,0.5572103027347922,0.9511201629327902,True,Bids unusually close together (1.15% spread vs typical 5.40%); Same firm keeps winning in this work unit (2 wins vs typical 1); Winning bid close to the owner's estimate (97.4% of estimate vs typical 96.0%),5,0.1515151515151515,0.9736657209829032,0.011535484551306,0.0253484512060928,0.0303030303030303,2,1,1186446650.0
208,10068282000,Tender (works and goods),Jawa Tengah,DINAS PENDIDIKAN DAN KEBUDAYAAN,Rehab Ruang Kelas SMAN 1 Cipari dan SMAN 1 Sidareja,CV. RIDHO JAYA LOGAM,3109953863.23,2,0.5569523494698883,0.95061099796334,True,Many bidders disqualified (25% vs typical 4%); Same firm keeps winning in this work unit (3 wins vs typical 1),19,0.3015873015873015,0.8010000000003425,0.0575388793895723,0.0012499999991388,0.2539682539682539,3,2,3882589092.67
209,10048060000,Tender (works and goods),Sumatera Selatan,Dinas Pekerjaan Umum Bina Marga dan Tata Ruang,Pemeliharaan Berkala Jalan Muara Siban - Sp. Embacang,PT. Bumi Mahardika Sentosa,2912756176.95,2,0.5563886304371166,0.95010183299389,True,Bids unusually close together (1.00% spread vs typical 5.40%); Same firm keeps winning in this work unit (2 wins vs typical 1); Winning bid close to the owner's estimate (97.1% of estimate vs typical 96.0%),3,0.4285714285714285,0.970980544744682,0.009970545017035,0.0,0.0,2,2,2999809000.0
